도서 제목,상세페이지 URL,리뷰 수
소년이 온다,https://product.kyobobook.co.kr/detail/S000000610612,3854
소년이 온다,https://product.kyobobook.co.kr/detail/S000000610612,3854
소년이 온다,https://product.kyobobook.co.kr/detail/S000000610612,3854
채식주의자,https://product.kyobobook.co.kr/detail/S000000610650,1808
채식주의자,https://product.kyobobook.co.kr/detail/S000000610650,1808
채식주의자,https://product.kyobobook.co.kr/detail/S000000610650,1808
작별하지 않는다,https://product.kyobobook.co.kr/detail/S000000781116,2180
작별하지 않는다,https://product.kyobobook.co.kr/detail/S000000781116,2180
작별하지 않는다,https://product.kyobobook.co.kr/detail/S000000781116,2180
불변의 법칙,https://product.kyobobook.co.kr/detail/S000212321676,1122
불변의 법칙,https://product.kyobobook.co.kr/detail/S000212321676,1122
불변의 법칙,https://product.kyobobook.co.kr/detail/S000212321676,1122
마흔에 읽는 쇼펜하우어,https://product.kyobobook.co.kr/detail/S000208779631,1684
마흔에 읽는 쇼펜하우어,https://product.kyobobook.co.kr/detail/S000208779631,1684
마흔에 읽는 쇼펜하우어,https://product.kyobobook.co.kr/detail/S000208779631,1684
모순,https://product.kyobobook.co.kr/detail/S000001632467,2735
모순,https://product.kyobobook.co.kr/detail/S000001632467,2735
모순,https://product.kyobobook.co.kr/detail/S000001632467,2735
나는 메트로폴리탄 미술관의 경비원입니다(20만 부 기념 양장 에디션),https://product.kyobobook.co.kr/detail/S000211352514,1056
나는 메트로폴리탄 미술관의 경비원입니다(20만 부 기념 양장 에디션),https://product.kyobobook.co.kr/detail/S000211352514,1056
나는 메트로폴리탄 미술관의 경비원입니다(20만 부 기념 양장 에디션),https://product.kyobobook.co.kr/detail/S000211352514,1056
세이노의 가르침(올블랙 유광 에디션),https://product.kyobobook.co.kr/detail/S000200746091,3788
세이노의 가르침(올블랙 유광 에디션),https://product.kyobobook.co.kr/detail/S000200746091,3788
세이노의 가르침(올블랙 유광 에디션),https://product.kyobobook.co.kr/detail/S000200746091,3788
흰,https://product.kyobobook.co.kr/detail/S000000780090,771
흰,https://product.kyobobook.co.kr/detail/S000000780090,771
흰,https://product.kyobobook.co.kr/detail/S000000780090,771
서랍에 저녁을 넣어 두었다,https://product.kyobobook.co.kr/detail/S000000569962,860
서랍에 저녁을 넣어 두었다,https://product.kyobobook.co.kr/detail/S000000569962,860
서랍에 저녁을 넣어 두었다,https://product.kyobobook.co.kr/detail/S000000569962,860
돈의 심리학(30만 부 기념 스페셜 에디션),https://product.kyobobook.co.kr/detail/S000001947552,1408
돈의 심리학(30만 부 기념 스페셜 에디션),https://product.kyobobook.co.kr/detail/S000001947552,1408
돈의 심리학(30만 부 기념 스페셜 에디션),https://product.kyobobook.co.kr/detail/S000001947552,1408
트렌드 코리아 2025,https://product.kyobobook.co.kr/detail/S000214208202,589
트렌드 코리아 2025,https://product.kyobobook.co.kr/detail/S000214208202,589
트렌드 코리아 2025,https://product.kyobobook.co.kr/detail/S000214208202,589
하루 한 장 나의 어휘력을 위한 필사 노트,https://product.kyobobook.co.kr/detail/S000212753904,543
하루 한 장 나의 어휘력을 위한 필사 노트,https://product.kyobobook.co.kr/detail/S000212753904,543
하루 한 장 나의 어휘력을 위한 필사 노트,https://product.kyobobook.co.kr/detail/S000212753904,543
희랍어 시간,https://product.kyobobook.co.kr/detail/S000000778206,576
희랍어 시간,https://product.kyobobook.co.kr/detail/S000000778206,576
희랍어 시간,https://product.kyobobook.co.kr/detail/S000000778206,576
해커스 토익 기출 VOCA(보카),https://product.kyobobook.co.kr/detail/S000001020219,2041
해커스 토익 기출 VOCA(보카),https://product.kyobobook.co.kr/detail/S000001020219,2041
해커스 토익 기출 VOCA(보카),https://product.kyobobook.co.kr/detail/S000001020219,2041
이처럼 사소한 것들,https://product.kyobobook.co.kr/detail/S000211513068,1078
이처럼 사소한 것들,https://product.kyobobook.co.kr/detail/S000211513068,1078
이처럼 사소한 것들,https://product.kyobobook.co.kr/detail/S000211513068,1078
구의 증명,https://product.kyobobook.co.kr/detail/S000201621499,735
구의 증명,https://product.kyobobook.co.kr/detail/S000201621499,735
구의 증명,https://product.kyobobook.co.kr/detail/S000201621499,735
도둑맞은 집중력,https://product.kyobobook.co.kr/detail/S000201621022,1401
도둑맞은 집중력,https://product.kyobobook.co.kr/detail/S000201621022,1401
도둑맞은 집중력,https://product.kyobobook.co.kr/detail/S000201621022,1401
당신이 누군가를 죽였다,https://product.kyobobook.co.kr/detail/S000213800371,658
당신이 누군가를 죽였다,https://product.kyobobook.co.kr/detail/S000213800371,658
당신이 누군가를 죽였다,https://product.kyobobook.co.kr/detail/S000213800371,658
흔한남매 16,https://product.kyobobook.co.kr/detail/S000213034261,722
흔한남매 16,https://product.kyobobook.co.kr/detail/S000213034261,722
흔한남매 16,https://product.kyobobook.co.kr/detail/S000213034261,722
퓨처 셀프,https://product.kyobobook.co.kr/detail/S000208718100,873
퓨처 셀프,https://product.kyobobook.co.kr/detail/S000208718100,873
퓨처 셀프,https://product.kyobobook.co.kr/detail/S000208718100,873
그의 운명에 대한  아주 개인적인 생각,https://product.kyobobook.co.kr/detail/S000213543997,740
그의 운명에 대한  아주 개인적인 생각,https://product.kyobobook.co.kr/detail/S000213543997,740
그의 운명에 대한  아주 개인적인 생각,https://product.kyobobook.co.kr/detail/S000213543997,740
데일 카네기 인간관계론(50만부 돌파 초판 무삭제 완역본),https://product.kyobobook.co.kr/detail/S000001897788,1813
데일 카네기 인간관계론(50만부 돌파 초판 무삭제 완역본),https://product.kyobobook.co.kr/detail/S000001897788,1813
데일 카네기 인간관계론(50만부 돌파 초판 무삭제 완역본),https://product.kyobobook.co.kr/detail/S000001897788,1813
일류의 조건,https://product.kyobobook.co.kr/detail/S000212731482,635
일류의 조건,https://product.kyobobook.co.kr/detail/S000212731482,635
일류의 조건,https://product.kyobobook.co.kr/detail/S000212731482,635
돈의 속성(400쇄 리커버에디션),https://product.kyobobook.co.kr/detail/S000001913217,2319
돈의 속성(400쇄 리커버에디션),https://product.kyobobook.co.kr/detail/S000001913217,2319
돈의 속성(400쇄 리커버에디션),https://product.kyobobook.co.kr/detail/S000001913217,2319
"EBS 다큐프라임
자본주의",https://product.kyobobook.co.kr/detail/S000000848997,975
"EBS 다큐프라임
자본주의",https://product.kyobobook.co.kr/detail/S000000848997,975
"EBS 다큐프라임
자본주의",https://product.kyobobook.co.kr/detail/S000000848997,975
인간 실격,https://product.kyobobook.co.kr/detail/S000000620240,1510
인간 실격,https://product.kyobobook.co.kr/detail/S000000620240,1510
인간 실격,https://product.kyobobook.co.kr/detail/S000000620240,1510
불편한 편의점(벚꽃 에디션),https://product.kyobobook.co.kr/detail/S000001803157,3849
불편한 편의점(벚꽃 에디션),https://product.kyobobook.co.kr/detail/S000001803157,3849
불편한 편의점(벚꽃 에디션),https://product.kyobobook.co.kr/detail/S000001803157,3849
언젠가 우리가 같은 별을 바라본다면,https://product.kyobobook.co.kr/detail/S000001947596,524
언젠가 우리가 같은 별을 바라본다면,https://product.kyobobook.co.kr/detail/S000001947596,524
언젠가 우리가 같은 별을 바라본다면,https://product.kyobobook.co.kr/detail/S000001947596,524
홍학의 자리,https://product.kyobobook.co.kr/detail/S000000781065,574
홍학의 자리,https://product.kyobobook.co.kr/detail/S000000781065,574
홍학의 자리,https://product.kyobobook.co.kr/detail/S000000781065,574
"2500년 동안 사랑받은
초역 부처의 말",https://product.kyobobook.co.kr/detail/S000213310247,555
"2500년 동안 사랑받은
초역 부처의 말",https://product.kyobobook.co.kr/detail/S000213310247,555
"2500년 동안 사랑받은
초역 부처의 말",https://product.kyobobook.co.kr/detail/S000213310247,555
생각이 너무 많은 어른들을 위한 심리학(20만 부 기념 리커버 에디션),https://product.kyobobook.co.kr/detail/S000208995869,521
생각이 너무 많은 어른들을 위한 심리학(20만 부 기념 리커버 에디션),https://product.kyobobook.co.kr/detail/S000208995869,521
생각이 너무 많은 어른들을 위한 심리학(20만 부 기념 리커버 에디션),https://product.kyobobook.co.kr/detail/S000208995869,521
물고기는 존재하지 않는다,https://product.kyobobook.co.kr/detail/S000001925800,1256
물고기는 존재하지 않는다,https://product.kyobobook.co.kr/detail/S000001925800,1256
물고기는 존재하지 않는다,https://product.kyobobook.co.kr/detail/S000001925800,1256
원씽(The One Thing)(60만 부 기념 스페셜 에디션),https://product.kyobobook.co.kr/detail/S000001619177,1630
원씽(The One Thing)(60만 부 기념 스페셜 에디션),https://product.kyobobook.co.kr/detail/S000001619177,1630
원씽(The One Thing)(60만 부 기념 스페셜 에디션),https://product.kyobobook.co.kr/detail/S000001619177,1630
총 균 쇠,https://product.kyobobook.co.kr/detail/S000201932024,574
총 균 쇠,https://product.kyobobook.co.kr/detail/S000201932024,574
총 균 쇠,https://product.kyobobook.co.kr/detail/S000201932024,574
당신은 결국 무엇이든 해내는 사람(특별 리커버 에디션),https://product.kyobobook.co.kr/detail/S000001914848,930
당신은 결국 무엇이든 해내는 사람(특별 리커버 에디션),https://product.kyobobook.co.kr/detail/S000001914848,930
당신은 결국 무엇이든 해내는 사람(특별 리커버 에디션),https://product.kyobobook.co.kr/detail/S000001914848,930
이중 하나는 거짓말,https://product.kyobobook.co.kr/detail/S000214032055,541
이중 하나는 거짓말,https://product.kyobobook.co.kr/detail/S000214032055,541
이중 하나는 거짓말,https://product.kyobobook.co.kr/detail/S000214032055,541
데미안,https://product.kyobobook.co.kr/detail/S000000620181,1562
데미안,https://product.kyobobook.co.kr/detail/S000000620181,1562
데미안,https://product.kyobobook.co.kr/detail/S000000620181,1562
남에게 보여주려고 인생을 낭비하지 마라,https://product.kyobobook.co.kr/detail/S000210410749,617
남에게 보여주려고 인생을 낭비하지 마라,https://product.kyobobook.co.kr/detail/S000210410749,617
남에게 보여주려고 인생을 낭비하지 마라,https://product.kyobobook.co.kr/detail/S000210410749,617
부자 아빠 가난한 아빠 1(20주년 특별 기념판),https://product.kyobobook.co.kr/detail/S000001772245,2267
부자 아빠 가난한 아빠 1(20주년 특별 기념판),https://product.kyobobook.co.kr/detail/S000001772245,2267
부자 아빠 가난한 아빠 1(20주년 특별 기념판),https://product.kyobobook.co.kr/detail/S000001772245,2267
시대예보: 핵개인의 시대,https://product.kyobobook.co.kr/detail/S000209151495,827
시대예보: 핵개인의 시대,https://product.kyobobook.co.kr/detail/S000209151495,827
시대예보: 핵개인의 시대,https://product.kyobobook.co.kr/detail/S000209151495,827
내 몸 혁명,https://product.kyobobook.co.kr/detail/S000211741146,542
내 몸 혁명,https://product.kyobobook.co.kr/detail/S000211741146,542
내 몸 혁명,https://product.kyobobook.co.kr/detail/S000211741146,542
코스모스,https://product.kyobobook.co.kr/detail/S000001290624,2490
코스모스,https://product.kyobobook.co.kr/detail/S000001290624,2490
코스모스,https://product.kyobobook.co.kr/detail/S000001290624,2490
트렌드 코리아 2024,https://product.kyobobook.co.kr/detail/S000209007998,787
트렌드 코리아 2024,https://product.kyobobook.co.kr/detail/S000209007998,787
트렌드 코리아 2024,https://product.kyobobook.co.kr/detail/S000209007998,787
아주 희미한 빛으로도,https://product.kyobobook.co.kr/detail/S000203331812,736
아주 희미한 빛으로도,https://product.kyobobook.co.kr/detail/S000203331812,736
아주 희미한 빛으로도,https://product.kyobobook.co.kr/detail/S000203331812,736
역행자(확장판),https://product.kyobobook.co.kr/detail/S000202340164,940
역행자(확장판),https://product.kyobobook.co.kr/detail/S000202340164,940
역행자(확장판),https://product.kyobobook.co.kr/detail/S000202340164,940
이기적 유전자,https://product.kyobobook.co.kr/detail/S000000576524,1639
이기적 유전자,https://product.kyobobook.co.kr/detail/S000000576524,1639
이기적 유전자,https://product.kyobobook.co.kr/detail/S000000576524,1639
쇼펜하우어 아포리즘: 당신의 인생이 왜 힘들지 않아야 한다고 생각하십니까,https://product.kyobobook.co.kr/detail/S000202652825,552
쇼펜하우어 아포리즘: 당신의 인생이 왜 힘들지 않아야 한다고 생각하십니까,https://product.kyobobook.co.kr/detail/S000202652825,552
쇼펜하우어 아포리즘: 당신의 인생이 왜 힘들지 않아야 한다고 생각하십니까,https://product.kyobobook.co.kr/detail/S000202652825,552
넥서스,https://product.kyobobook.co.kr/detail/S000214465905,502
넥서스,https://product.kyobobook.co.kr/detail/S000214465905,502
넥서스,https://product.kyobobook.co.kr/detail/S000214465905,502
맡겨진 소녀,https://product.kyobobook.co.kr/detail/S000201621680,590
맡겨진 소녀,https://product.kyobobook.co.kr/detail/S000201621680,590
맡겨진 소녀,https://product.kyobobook.co.kr/detail/S000201621680,590
"5천 년 역사가 단숨에 이해되는
최소한의 한국사",https://product.kyobobook.co.kr/detail/S000202678286,1100
"5천 년 역사가 단숨에 이해되는
최소한의 한국사",https://product.kyobobook.co.kr/detail/S000202678286,1100
"5천 년 역사가 단숨에 이해되는
최소한의 한국사",https://product.kyobobook.co.kr/detail/S000202678286,1100
데일 카네기 자기관리론(국내최초 초판 무삭제 완역본),https://product.kyobobook.co.kr/detail/S000001949990,981
데일 카네기 자기관리론(국내최초 초판 무삭제 완역본),https://product.kyobobook.co.kr/detail/S000001949990,981
데일 카네기 자기관리론(국내최초 초판 무삭제 완역본),https://product.kyobobook.co.kr/detail/S000001949990,981
싯다르타,https://product.kyobobook.co.kr/detail/S000000620195,772
싯다르타,https://product.kyobobook.co.kr/detail/S000000620195,772
싯다르타,https://product.kyobobook.co.kr/detail/S000000620195,772
파과,https://product.kyobobook.co.kr/detail/S000001808685,595
파과,https://product.kyobobook.co.kr/detail/S000001808685,595
파과,https://product.kyobobook.co.kr/detail/S000001808685,595
불안(리커버:K),https://product.kyobobook.co.kr/detail/S000000828225,952
불안(리커버:K),https://product.kyobobook.co.kr/detail/S000000828225,952
불안(리커버:K),https://product.kyobobook.co.kr/detail/S000000828225,952
세상의 마지막 기차역(리커버 에디션),https://product.kyobobook.co.kr/detail/S000061353833,999
세상의 마지막 기차역(리커버 에디션),https://product.kyobobook.co.kr/detail/S000061353833,999
세상의 마지막 기차역(리커버 에디션),https://product.kyobobook.co.kr/detail/S000061353833,999
사피엔스,https://product.kyobobook.co.kr/detail/S000000597165,2691
사피엔스,https://product.kyobobook.co.kr/detail/S000000597165,2691
사피엔스,https://product.kyobobook.co.kr/detail/S000000597165,2691
지적 대화를 위한 넓고 얕은 지식 1,https://product.kyobobook.co.kr/detail/S000001938774,849
지적 대화를 위한 넓고 얕은 지식 1,https://product.kyobobook.co.kr/detail/S000001938774,849
지적 대화를 위한 넓고 얕은 지식 1,https://product.kyobobook.co.kr/detail/S000001938774,849
타이탄의 도구들(리커버:K),https://product.kyobobook.co.kr/detail/S000001767887,1583
타이탄의 도구들(리커버:K),https://product.kyobobook.co.kr/detail/S000001767887,1583
타이탄의 도구들(리커버:K),https://product.kyobobook.co.kr/detail/S000001767887,1583
아주 작은 습관의 힘,https://product.kyobobook.co.kr/detail/S000001813652,1793
아주 작은 습관의 힘,https://product.kyobobook.co.kr/detail/S000001813652,1793
아주 작은 습관의 힘,https://product.kyobobook.co.kr/detail/S000001813652,1793
해커스 보카(Hackers Vocabulary),https://product.kyobobook.co.kr/detail/S000001020123,720
해커스 보카(Hackers Vocabulary),https://product.kyobobook.co.kr/detail/S000001020123,720
해커스 보카(Hackers Vocabulary),https://product.kyobobook.co.kr/detail/S000001020123,720
노르웨이의 숲,https://product.kyobobook.co.kr/detail/S000000619590,1030
노르웨이의 숲,https://product.kyobobook.co.kr/detail/S000000619590,1030
노르웨이의 숲,https://product.kyobobook.co.kr/detail/S000000619590,1030
부의 추월차선(10주년 스페셜 에디션),https://product.kyobobook.co.kr/detail/S000001901955,543
부의 추월차선(10주년 스페셜 에디션),https://product.kyobobook.co.kr/detail/S000001901955,543
부의 추월차선(10주년 스페셜 에디션),https://product.kyobobook.co.kr/detail/S000001901955,543
긴긴밤,https://product.kyobobook.co.kr/detail/S000000780847,1620
긴긴밤,https://product.kyobobook.co.kr/detail/S000000780847,1620
긴긴밤,https://product.kyobobook.co.kr/detail/S000000780847,1620
도시와 그 불확실한 벽,https://product.kyobobook.co.kr/detail/S000208719388,1166
도시와 그 불확실한 벽,https://product.kyobobook.co.kr/detail/S000208719388,1166
도시와 그 불확실한 벽,https://product.kyobobook.co.kr/detail/S000208719388,1166
레버리지,https://product.kyobobook.co.kr/detail/S000200940784,511
레버리지,https://product.kyobobook.co.kr/detail/S000200940784,511
레버리지,https://product.kyobobook.co.kr/detail/S000200940784,511
모든 것은 기본에서 시작한다(교보문고 단독 양장본),https://product.kyobobook.co.kr/detail/S000001939534,609
모든 것은 기본에서 시작한다(교보문고 단독 양장본),https://product.kyobobook.co.kr/detail/S000001939534,609
모든 것은 기본에서 시작한다(교보문고 단독 양장본),https://product.kyobobook.co.kr/detail/S000001939534,609
나는 소망한다 내게 금지된 것을,https://product.kyobobook.co.kr/detail/S000001632473,566
나는 소망한다 내게 금지된 것을,https://product.kyobobook.co.kr/detail/S000001632473,566
나는 소망한다 내게 금지된 것을,https://product.kyobobook.co.kr/detail/S000001632473,566
이방인,https://product.kyobobook.co.kr/detail/S000000619973,571
이방인,https://product.kyobobook.co.kr/detail/S000000619973,571
이방인,https://product.kyobobook.co.kr/detail/S000000619973,571
꽃을 보듯 너를 본다,https://product.kyobobook.co.kr/detail/S000001752581,1854
꽃을 보듯 너를 본다,https://product.kyobobook.co.kr/detail/S000001752581,1854
꽃을 보듯 너를 본다,https://product.kyobobook.co.kr/detail/S000001752581,1854
불편한 편의점 2(단풍 에디션),https://product.kyobobook.co.kr/detail/S000061532631,1589
불편한 편의점 2(단풍 에디션),https://product.kyobobook.co.kr/detail/S000061532631,1589
불편한 편의점 2(단풍 에디션),https://product.kyobobook.co.kr/detail/S000061532631,1589
요즘 어른을 위한 최소한의 세계사,https://product.kyobobook.co.kr/detail/S000209045024,594
요즘 어른을 위한 최소한의 세계사,https://product.kyobobook.co.kr/detail/S000209045024,594
요즘 어른을 위한 최소한의 세계사,https://product.kyobobook.co.kr/detail/S000209045024,594
종의 기원,https://product.kyobobook.co.kr/detail/S000000828491,1095
종의 기원,https://product.kyobobook.co.kr/detail/S000000828491,1095
종의 기원,https://product.kyobobook.co.kr/detail/S000000828491,1095
룩 백,https://product.kyobobook.co.kr/detail/S000001854018,510
룩 백,https://product.kyobobook.co.kr/detail/S000001854018,510
룩 백,https://product.kyobobook.co.kr/detail/S000001854018,510
메리골드 마음 세탁소(30만 부 기념 한정 플라워 에디션),https://product.kyobobook.co.kr/detail/S000201142283,882
메리골드 마음 세탁소(30만 부 기념 한정 플라워 에디션),https://product.kyobobook.co.kr/detail/S000201142283,882
메리골드 마음 세탁소(30만 부 기념 한정 플라워 에디션),https://product.kyobobook.co.kr/detail/S000201142283,882
사장학개론,https://product.kyobobook.co.kr/detail/S000201274192,552
사장학개론,https://product.kyobobook.co.kr/detail/S000201274192,552
사장학개론,https://product.kyobobook.co.kr/detail/S000201274192,552
파친코 1,https://product.kyobobook.co.kr/detail/S000061450857,1122
파친코 1,https://product.kyobobook.co.kr/detail/S000061450857,1122
파친코 1,https://product.kyobobook.co.kr/detail/S000061450857,1122
참을 수 없는 존재의 가벼움,https://product.kyobobook.co.kr/detail/S000000619722,1151
참을 수 없는 존재의 가벼움,https://product.kyobobook.co.kr/detail/S000000619722,1151
참을 수 없는 존재의 가벼움,https://product.kyobobook.co.kr/detail/S000000619722,1151
세계를 건너 너에게 갈게,https://product.kyobobook.co.kr/detail/S000000780033,773
세계를 건너 너에게 갈게,https://product.kyobobook.co.kr/detail/S000000780033,773
세계를 건너 너에게 갈게,https://product.kyobobook.co.kr/detail/S000000780033,773
내면소통,https://product.kyobobook.co.kr/detail/S000201078049,546
내면소통,https://product.kyobobook.co.kr/detail/S000201078049,546
내면소통,https://product.kyobobook.co.kr/detail/S000201078049,546
부자의 그릇(블랙 에디션),https://product.kyobobook.co.kr/detail/S000001687079,749
부자의 그릇(블랙 에디션),https://product.kyobobook.co.kr/detail/S000001687079,749
부자의 그릇(블랙 에디션),https://product.kyobobook.co.kr/detail/S000001687079,749
그릿(50만부 판매 기념 리커버 골드에디션),https://product.kyobobook.co.kr/detail/S000001813651,869
그릿(50만부 판매 기념 리커버 골드에디션),https://product.kyobobook.co.kr/detail/S000001813651,869
그릿(50만부 판매 기념 리커버 골드에디션),https://product.kyobobook.co.kr/detail/S000001813651,869
