리뷰번호,회원ID,작성일시,리뷰내용,감정키워드,평점
13861407,hb****,2024-05-30 09:07:15.948905,"한강 작가의 책을 처음 보네요.
이게 뭔 소리야라고 시작했다가 점점 빠져듭니다. 삶을 바라보는 작가의 언어가 독창적입니다.
소설도 읽어보아야겠어요.",최고예요,4
12498586,kh***,2023-11-06 18:30:20.1087,사면 선물해서 자꾸 없어지는 책.,고마워요,4
14475916,at*****,2024-08-26 21:50:25.579609,"한강 작가의 단어는, 문장은 사진이나 영상보다 더 선명한 느낌을 준다. 어려운 내용을 내가 다 알 수는 없지만, 그의 마음이 어떤지 알 것만 같다. 나도 서랍에 이 책을 넣어둔다. ",최고예요,4
14883034,da********,2024-10-11 16:22:23.533868,받으면 잘 볼게요 노벨문학상 축하드립니다,최고예요,4
14251164,ji*******,2024-07-25 22:36:48.329195,한강시인의 책을 읽게 되어 영광입니다.,힐링돼요,4
14712582,va********,2024-09-24 21:10:53.300279,아름답고 슬픈 시집.,최고예요,4
14206845,si*****,2024-07-19 03:43:47.445834,추천 받아 구매했어요. 제목이 일단 너무 내 스타일,힐링돼요,4
14426167,wn****,2024-08-19 21:49:34.947624,조아요~~~~~~~,고마워요,4
14903418,aj*****,2024-10-16 13:44:48.935027,한강작가님 작품 중 시집부터 시작해보려고 구매했습니다,힐링돼요,4
15314776,mo********,2025-01-31 21:04:34.471328,아직은 작가의 세계가 어렵습니다. 어둡고 추워요.,고마워요,4
15266238,le*******,2025-01-18 05:00:20.402176,이상하게 희망차지 않은 문장들이 따듯해서 좋아오,힐링돼요,4
15193860,ju***,2025-01-01 17:35:28.790635,책을 펼쳐서 보다가 맘에 드는 한 시가 있어서 구입함,공감돼요,4
15193331,rm*****************,2025-01-01 14:56:59.755884,한강 특유의 감성이 짙게 물든 언어 조각조각에 붙잡혀서 오래 서성이게 되는 기쁜 시간이었다. 지인에게 여러권 선물 나눔했다 문학이 주는 위대함과 아름다움을 널리 알리고 싶어서책을 사고 읽고 동네 방네 소리내어 떠들고 다닌다 책을 읽으면 희망이 힘을 얻는다,최고예요,4
14944874,jm******,2024-10-26 17:03:52.664853,시집이 좋아서 친구들에게 선물하려고 여러권 주문했어요. ,최고예요,4
14899302,ss*****,2024-10-15 15:14:10.210137,어렵게 받은 한강님의 귀한시집,공감돼요,4
11382223,gb*****,2023-04-21 06:55:06.573051,한강씨 시도 잘 쓰는군요,공감돼요,4
15600413,il*****,2025-04-01 20:45:13.420289,"소설가 이전에 시인 한강이 있었고, 나는 시인 한강이 좋다",최고예요,4
15580074,du******,2025-03-28 09:08:48.591235,"한강 작가님 책 모으고 있습니다.
",최고예요,4
15567549,ta******,2025-03-25 06:36:13.943352,어렵기도 하지만 잘 읽힌 책 이에요!,힐링돼요,4
15565417,jh*****,2025-03-24 15:47:21.15592,노벨상에 빛나는 한강의 단어 하나하나 문장 하나하나가 귀하다.,최고예요,4
15554289,km****,2025-03-22 06:04:58.293299,여러가지 마음을 봅니다.,최고예요,4
15554284,km****,2025-03-22 06:02:28.777523,선물하려고 재구매했어요.,최고예요,4
15552788,so******,2025-03-21 21:08:25.813137,읽고. 싶엌ㅅ던.  챡,힐링돼요,4
15550336,ki*****,2025-03-21 09:29:37.752062,"어쩜 이렇게 글을 잘 쓰시는지...
한강 작가님은 글 쓰려고 태어나신 분.
아껴 읽고 또 읽고 그럽니다.",최고예요,4
15546005,pu*******,2025-03-20 09:58:42.096551,선물로 구입했어요.,고마워요,4
15542022,so*****,2025-03-19 13:16:14.911512,한강 작가님의 시를 읽고 구매하게 되었어요.,최고예요,4
15532221,cl*******,2025-03-17 09:52:38.140022,읽어봤는데 너무 좋아서 선물하려고요.,최고예요,4
15531445,ye****************,2025-03-17 02:11:13.123888,한강 시집이고 제목이 마음에 들어서 구매했어요,힐링돼요,4
15530817,tr******,2025-03-16 23:01:16.777631,"역시 한강
좀 어렵지만 한페이지씩 의미를 찾아갑니다.",힐링돼요,4
15524432,ki*******,2025-03-15 17:23:51.600188,하루에 한 두 편씩 천천히 읽어요,고마워요,4
15510439,na****************,2025-03-12 19:32:21.638591,"마음에 와닿아요 굿
곱씹을수록좋은듯여",힐링돼요,4
15489265,oh*****,2025-03-08 21:10:17.509964,서랍에 저녁을 넣어두었다,공감돼요,4
15485555,sa*****,2025-03-08 09:11:15.625116,두고두고 읽게 됩니다,최고예요,4
15482507,so*******,2025-03-07 17:24:15.320701,한강 작가님의 고요한 마음들을 느껴볼 수 있어서 좋아요,최고예요,4
15479255,yg******,2025-03-07 05:47:44.806271,서랍에 저녁을 넣어 두었다 감사히 잘 읽겠습니다,고마워요,4
15469674,no*****,2025-03-05 14:07:42.477751,한자한자 소중히 읽겠습니다 ,최고예요,4
15464011,br******,2025-03-04 15:31:02.896946,재미있게 볼수 있어서 아주 만족스럽네요,재밌어요,4
15462878,od********,2025-03-04 12:34:44.022553,"한강 작가의 시집입니다
기대 그 이상의 깊이가 있습니다
",최고예요,4
15462660,sh********,2025-03-04 11:28:02.175948,한강의 시집이라 사봤어요. 소설보다는 잘 읽히지 않네요. ,힐링돼요,4
15459496,sy****,2025-03-03 19:18:10.60569,한강 작가는 언제나 기대!!!,공감돼요,4
15451934,ho******,2025-03-02 09:36:27.520423,배송도 빠르고 제품도 매우 좋아요..,최고예요,4
15446966,ls*******,2025-03-01 09:24:31.034619,특유의 섬세한 문장과 서정적인 표현으로 상실의 아픔과 치유의 과정을 조용히 들려준다. 읽고 나면 마음 한편이 저릿하면서도 따뜻한 여운이 오래 남는다.,고마워요,4
15442374,eu*****,2025-02-28 10:01:23.154989,"처음엔 좀 난해하게 생각했는데 
읽고 감상하고 암송하다보니 정말 감동적이었습니다
최고의 시 애송합니다",최고예요,4
15442205,su******,2025-02-28 09:16:08.038282,재밌고 유익합니다. 추천합니다.,고마워요,4
15440660,to******,2025-02-27 22:00:12.088858,한강의 유려한 문학을 만나볼수있습니다.,공감돼요,4
15428455,8h******,2025-02-25 07:16:45.31152,공감되고 힐링 되는 시집,공감돼요,4
15425336,ai******,2025-02-24 13:02:57.401285,한강작가님 소설만 구매해서 읽었는데 시집도 넘 좋아서 서점에서 읽다가 구매했어요:),최고예요,4
15425006,su******,2025-02-24 11:17:17.311528,재미있고 유익합니다.,고마워요,4
15425005,su******,2025-02-24 11:17:02.852574,재미있고 유익합니다.,고마워요,4
15421163,kr*****,2025-02-23 14:52:17.915536,메마르고 삭막한 시절에 여러모로 위안이 됩니다. 고맙습니다.,고마워요,4
15415055,dk******,2025-02-22 09:45:10.420791,"좋은책 잘 읽겠습니다~~
감사합니다ㅎㅎ",최고예요,4
15407629,su******,2025-02-20 18:45:09.781558,좋은 책입니다. 추천 합니다. ,고마워요,4
15405895,hy********,2025-02-20 10:46:04.828154,"오늘부터 읽으려구요, 좋아요",힐링돼요,4
15403385,se**************,2025-02-19 20:22:47.203301,정갈하게 정돈된 문장이 아름다운 시집입니다.,고마워요,4
15400141,su******,2025-02-19 11:15:54.098372,재밌고 유익합니다. 추천합니다.,고마워요,4
15393644,hj*******,2025-02-18 09:04:48.863466,책을 감명깊게 잘 읽었습니다.,힐링돼요,4
15390181,ac*******,2025-02-17 14:25:01.818248,"마음이 적적할때 소리내어 읽으면 참 좋습니다. 
한글자 한문장 아껴가며 읽고 있습니다. ",힐링돼요,4
15389828,ja*****,2025-02-17 12:34:36.237869,외국에있는 친구에게 선물했어요.,고마워요,4
15386457,so*****,2025-02-16 18:11:01.02245,"한강 작가의 책들중 12 번째로 선택했습니다.
",고마워요,4
15385592,to******,2025-02-16 13:42:02.572171,천천히 읽고 있습니다 자기 전에 읽기 좋습니다.,힐링돼요,4
15373787,ap*******,2025-02-13 16:07:55.466428,좋은 책입니다 잘 읽었어요,최고예요,4
15368054,zm*******,2025-02-12 11:08:20.298272,한강 작가의 시가 궁금해서 구매했어요,재밌어요,4
15366829,yo*******,2025-02-12 00:25:12.827249,한강시인 그냥 슬퍼요..,힐링돼요,4
15365536,yo*******,2025-02-11 19:51:52.818297,제가 좋아하는 시집 중 하나입니다 ,최고예요,4
15364239,ru*****,2025-02-11 13:50:53.835463,한강작가의 언어 가 주는 건결함 힘이 있어요,힐링돼요,4
15350632,sh******,2025-02-08 13:09:28.462383,"잘볼게요
노벨문학상 축하드려요^^",고마워요,4
15349966,os*******,2025-02-08 10:29:04.503922,한강 시집 너무 기대됩니다 ,고마워요,4
15346804,8h******,2025-02-07 16:34:10.909609,적당한 내용과 감동에 만족합니다 ,힐링돼요,4
15339470,jo*****,2025-02-05 22:23:28.83703,노벨상 수상작가인 한강 작가는 시로 등단하였다고 합니다. 그녀의 출발점을 알고 싶어 구입했습니다,힐링돼요,4
15335612,sy***,2025-02-05 09:07:38.9413,한강 작가님 작품 하나씩 도장깨기 중,힐링돼요,4
15334867,ch*******,2025-02-05 00:14:08.968131,마음이 정화 되네요,힐링돼요,4
15334293,ca*****,2025-02-04 22:36:50.148913,한강작가님의 시집. 너무 좋아요,고마워요,4
15333073,Tr*******,2025-02-04 17:16:47.721622,시집에 대해선 이미 오래전 알고 있었고 특히 가장 유명한 앞의 시는 인터넷에서 예전에 보고 스크랩까지 했었나 암튼 그 시가 제일 맨 앞에 있더군 관념적이랄까 일상에서 건져올리는 인생의 철학이 무시무시하다 시의 무서움이다 이 작가는 시집 소설 에세이 심지어 동화까지 전방위다 글에 관해서는 도가 튼 것인가,공감돼요,4
15331310,hw******************,2025-02-04 11:36:25.319974,이해가 쉽지 않지만 읽으면서 일상에서 그냥 지나치던 것들을 더 깊게 사유할 수 있어 좋았습니다.,힐링돼요,4
15330036,am********,2025-02-04 00:28:58.202718,너무 너무 좋아요.,최고예요,4
15329103,yo*******,2025-02-03 21:01:32.946103,최고의 시집입니다.,최고예요,4
15312543,hw*******,2025-01-31 10:19:58.417631,재밌게 잘 읽었습니다,최고예요,4
15306554,qu******,2025-01-29 18:44:04.841799,팀원에게 선물하려고 구매했어요 카페에 우연히 진열되어 그자리에서 다 읽었어요,공감돼요,4
15303573,ry*******,2025-01-28 18:00:00.705441,읽기 전인데 기대돼요,최고예요,4
15296293,no******,2025-01-26 11:23:43.01849,문장 하나하나가 최고,힐링돼요,4
15295785,du*******,2025-01-26 09:04:31.773787,"사고싶었던 책,, 한강작가님 ",최고예요,4
15293207,es******,2025-01-25 11:44:50.749876,너무 재밌어서 하루 만에 다 읽었어요,재밌어요,4
15283520,le********,2025-01-22 19:07:47.951301,언어의 표현이 이어짐으로 펼쳐진 공간을 알아보고 싶다.,공감돼요,4
15275002,if*****,2025-01-20 12:54:18.554994,선물로 구입했는데 받으신 분이 좋아해요,고마워요,4
15273068,sr***,2025-01-19 21:55:33.968631,한강 작가의 시집 기대됩니다 ,고마워요,4
15267751,be*******,2025-01-18 13:37:00.460115,시는 어떨까? 꼭 보고싶었어요!,고마워요,4
15267460,jh*****,2025-01-18 12:07:35.580035,한장씩 읽다보면 공감도 되고 생각도 하게 됩니다.,공감돼요,4
15260822,aj*****,2025-01-16 22:48:12.166777,아름다운 문장의 시집이에요 추천합니다,최고예요,4
15255923,su******,2025-01-15 18:28:12.579895,여러 번 곱씹게 됩니다.,최고예요,4
15252258,de****,2025-01-14 21:21:11.057257,한강 작가님의 시상 또한 매력적이네요.,최고예요,4
15247255,ks********,2025-01-13 16:24:57.998637,식사를 잘챙겨 먹는 것도 중요하지만 몸에 안좋은걸 안먹는 거 잘 자는 거를 잘지켜야건강을 지킵니다,힐링돼요,4
15240820,du*****,2025-01-12 00:53:27.047463,무거운 시집입니다.,공감돼요,4
15239809,ar******,2025-01-11 21:09:39.949603,한강 작가의 아름다운 단어들,최고예요,4
15238585,zq****,2025-01-11 14:51:05.938465,감사합니다 잘 읽을게요!,고마워요,4
15237502,tw*****,2025-01-11 09:36:33.436459,재미있게 잘 읽었습니다.,공감돼요,4
15235940,jh*******,2025-01-10 21:56:10.129864,시집도 너무 아름다워요,최고예요,4
15235184,xx****,2025-01-10 18:34:46.555605,시집 또한 너무 깊고 아름답습니다,최고예요,4
15235021,si*******,2025-01-10 17:45:14.393234,"참을성을 갖고 여러 번 곱씹으며 읽다보면 작가의 시를 조금은 이해할 수 있게 되네요.
한가지 재밌는 건 시집의 제목인 '서랍에 저녁을 넣어두었다'라는 제목의 시는 없더라구요~
",재밌어요,3
15233979,s2****,2025-01-10 13:01:33.495644,시집도 읽어보려고 구매했습니다,최고예요,4
15233758,se****,2025-01-10 11:51:18.527749,두 눈을 잠그고 누워 있었다,공감돼요,4
15229206,wh********,2025-01-09 12:12:23.323557,새해라 책 읽어 보고 싶어서..,힐링돼요,4
15229173,ma******,2025-01-09 12:05:25.780121,좋은 시집입니다!!,최고예요,4
15229140,io****,2025-01-09 11:53:44.187436,정말 좋아요 정말 너무 아름다워요,최고예요,4
15227046,jm******,2025-01-08 21:46:29.233878,한강 작가님 노벨상 기념으로 지인들에게 선물하려고 구매했습니다. 다들 좋아하네요,최고예요,4
15223982,an********,2025-01-08 09:07:34.872326,"한강작가님의 책은 소설이 아닌 시집으로 
처음 만났어요.
읽고나면 여운이 은근히 강하고 길게 남는...",공감돼요,4
15222734,he*****************,2025-01-07 22:32:55.640679,잘 읽었습니다^^!,최고예요,4
15222613,ji*******,2025-01-07 22:06:08.147398,"시집이 있는 줄도 몰랐는데 노벨상 덕에 시집 구매. 
제목부터 참 좋음. 단숨에 다 읽고 좋은 부분 인덱스도 해둠",최고예요,4
15219562,ag******,2025-01-07 09:48:22.084422,단어하나 구절하나만으로 하루를 깊이있게 살아내게하는 시,최고예요,4
15218882,ek*****,2025-01-07 03:10:09.304932,작가님의 감성을 잘 느끼고 갑니다,최고예요,4
15214730,lo******,2025-01-06 07:14:26.934419,한강작가의 서정적인 내면이 잘들여다보이고 그의 소설과도 맥락을 같이하는듯하여 더 공감되고 힐링이 되네요,힐링돼요,4
15211003,si*******,2025-01-05 10:25:51.220546,"이해하기 쉽지 않네요. 여러차례 차분히 읽어야 할 것 같아요.
그러다가 가끔은 마음에 드는 시 한 편 만나게 되네요.",고마워요,3
15210244,so*****************,2025-01-05 02:03:54.020105,한강작가님의 노벨문학상을 축하드립니다 ,고마워요,4
15207019,ja******,2025-01-04 12:42:37.408152,발상의 전환이 되는 시집,최고예요,4
15206014,ja***************,2025-01-04 09:38:32.416862,한강 작가님의 문체에 아름다움을 알아가는데 좋은책이라고 생각합니다.,고마워요,4
15198740,br********,2025-01-02 17:02:46.08251,한강 작가님의 노벨문학상 수상을 진심으로 축하드립니다,최고예요,4
15195806,wm*****,2025-01-01 22:33:46.76001,한강 작가님의 책을 처음 사보았습니다. 기대되네요^^,최고예요,4
15193421,rm*****************,2025-01-01 15:23:28.162829,"시를 읽는 사람과 읽지 않는 사람중에 시를 읽는 사람쪽에 긴 둘 만들어 보아요
몇권 선물 나눔 했어요
올해도 책으로 행복합시다",최고예요,4
15188684,kg****,2024-12-31 12:34:11.646529,마음이 힘든 이 시기에 읽기 좋은 시집같아요. 공감되는 글귀가 많아 위로가 됩니다. ,공감돼요,4
15188354,mj******,2024-12-31 10:51:05.967941,하루에 한 편씩 읽는데 너무 좋습니다,힐링돼요,4
15184913,pa***,2024-12-30 14:39:29.731791,감성과 문학적 상상이 어우러진 이야기.,공감돼요,4
15184215,Rh******,2024-12-30 11:09:58.876569,노벨상을 받은 작가의 글을 원어로 읽을 수 있어서 영광입니다.,최고예요,4
15183160,as****,2024-12-29 23:35:20.096693,추천받아 구매했어요 ,최고예요,4
15181719,in********,2024-12-29 17:52:31.514345,한강 작가님의 시집 기대됩니다,최고예요,4
15178969,we********,2024-12-28 22:54:23.611691,시집이 좋아서 친구들에게 선물하려고 여러권 주문했어요.,힐링돼요,4
15176668,iv***,2024-12-28 13:12:32.293375,노벨 수상 소식에 구매하게 됐어요 잘 읽고 있습니다,고마워요,2
15176281,jy*****,2024-12-28 11:27:48.344805,남태령 시위를 접 한 후 구매,고마워요,4
15175416,go*********,2024-12-28 07:52:05.164348,한강 작가님의 시도 애틋하게 스며들어 아름답네요 :) 혼란스러운 2024년 연말 덕분에 따뜻해집니다! 진심으로 2024 노벨문학상 축하드려요! :D,힐링돼요,4
15170288,kj***,2024-12-26 22:31:07.242536,"너무 좋습니다. 
잘 보고 있습니다. ",힐링돼요,4
15168042,kb********,2024-12-26 10:37:44.876601,천천히 잘 음미해볼게요,최고예요,4
15167322,re******,2024-12-26 07:47:40.364157,매우 도움되고 유용한책입니다. ,최고예요,4
15165361,fl********,2024-12-25 16:32:44.157595,한 작품 마다 좋아요.,공감돼요,4
15164071,sk*****************,2024-12-25 09:48:30.949911,기대하고 있습니다.,최고예요,4
15160821,Wo****,2024-12-24 14:30:31.005047,한강의 글은 생각하게 합니다,최고예요,4
15158096,ok********,2024-12-23 20:48:42.777571,위대한 작가의 책이라 소장하고 싶어서 전권 구매했어요. ,고마워요,4
15156447,tn********,2024-12-23 12:41:55.51854,"선물로 구매한 책 
감사히
받아 잘 전달했습니다
",고마워요,4
15154133,js******,2024-12-22 20:13:01.755135,글 하나를 정성들인게 느껴져요 ,최고예요,3
15153393,ti*****,2024-12-22 15:43:12.201988,천천히 읽어내려가니 좋아요.,공감돼요,4
15152968,09******,2024-12-22 13:36:40.742915,어렵지만 한강 작가의 특유 문체를 조금이나마 이해할 수 있었던 시집. 시라는 장르에 한 발 내딛을 수 있었다.,힐링돼요,4
15152742,ds*****,2024-12-22 12:16:00.237503,"어디를 갈 때 가져가는 책 중에 하나가 위 시집인데요. 읽다보면 마음이 편해집니다. 사람과 사람의 연결, 그리고 소통, 작은울림이라도... 아주 소중한 전달이지요.",최고예요,4
15147842,sa*****,2024-12-21 01:07:20.214129,한강 작가의 시집 너무 좋아요,최고예요,4
15146159,ar***,2024-12-20 17:53:14.375252,속삭이듯 스며드는 문장들. ,힐링돼요,4
15141400,ks*****,2024-12-19 10:54:22.972102,한강 작가님의 노벨상 수상 덕분에 좋은 책을 접할 수 있는 기회가 되었습니다. 제목부터 울림을 주는 책 이예요,최고예요,4
15140296,yo*******,2024-12-18 23:23:35.379762,"처음에 읽을 때 무슨 내용인지 이해하기 어려워서 멈춘적이 많았지만, 맨 마지막 해설을 보고 다시 읽기 시작했습니다.",고마워요,4
15137903,kj*****,2024-12-18 12:01:29.535232,제목에 끌려 주문했어요. 최애 시집이 됐습니다^^,최고예요,4
15137747,so*******,2024-12-18 11:27:24.920925,한강작 책 너무 좋아요!,최고예요,4
15136176,pa******,2024-12-17 22:48:46.383464,잘읽겠습니다  감사합니다,고마워요,4
15135038,ho*******,2024-12-17 18:51:40.869715,한강 작가님의 시를 읽고 소설을 읽거나 소설을 읽은 다음 시를 꼭 읽어야겠다는 생각이 들었습니다.,최고예요,4
15134248,mi*****,2024-12-17 15:15:59.177867,좋은 시집입니다 좋아요,힐링돼요,4
15134232,pa******,2024-12-17 15:11:37.856614,선물할 수있어 좋았습니다,고마워요,3
15129968,ha********,2024-12-16 12:38:54.403987,한강 작가님의 시집 잘 읽겠습니다,힐링돼요,4
15127778,ha*******,2024-12-15 20:07:01.597744,좋은 시집 감사합니다,최고예요,4
15127752,ki*****,2024-12-15 19:57:52.947626,한강작가님스러운 좋은 시집이었습니다,최고예요,4
15126564,ma******,2024-12-15 12:30:03.763765,아이가잘읽는책이요 ,고마워요,4
15125851,on****,2024-12-15 08:15:01.453291,한강작가님의 노벨문학상 수여소식을 접하고 읽어보려고 구매했습니다. ,고마워요,4
15123153,bl******,2024-12-14 13:09:11.485241,미국으로 건너간책 언니가 ,고마워요,4
15119853,aj******,2024-12-13 14:53:43.141361,시에 대한 감성이나 이해도는 부족하지만 시집을 두고두고 여러번 읽는 것을 좋아하여 구매했습니다.,힐링돼요,4
15119200,ma******,2024-12-13 11:59:12.680662,눈에 띌때마다 읽어요,최고예요,4
15118688,pa***,2024-12-13 09:22:08.488793,서랍에 저녁을 넣어두었다 좋아요. 한강 최고,고마워요,4
15116339,ji**************,2024-12-12 15:21:43.65798,계속담아놓기만하다가 받았는데 너무 좋네요..,고마워요,4
15116128,ch****,2024-12-12 14:03:26.9921,시를 좋아하시는 분이라면,최고예요,4
15116046,pa*******,2024-12-12 13:34:37.391819,친구에게 선물했어요~,최고예요,4
15115405,sj*****,2024-12-12 10:22:50.771505,"너무좋네요.....
",최고예요,4
15115235,pa***,2024-12-12 09:31:22.531883,일상 속 소소한 아름다움을 섬세하게 표현한 작품.,공감돼요,4
15115223,pa***,2024-12-12 09:29:40.119128,일상 속 소소한 아름다움을 섬세하게 표현한 작품.,공감돼요,4
15112312,kr******,2024-12-11 14:25:40.634241,읽고 또 읽고 또 읽고..!,최고예요,4
15111883,fl*******,2024-12-11 12:58:50.550875,시도 너무너무 좋아요 ,최고예요,4
15108371,ns*****,2024-12-10 13:36:13.851593,좋아요.. 다른책은 어렵게 느껴지는 부분이 있어서 이 책으로 구매해봤어요,고마워요,4
15107114,km****,2024-12-10 07:42:21.938457,빠른 배송 완료되었습니다. 고맙습니다.,고마워요,4
15105910,me****,2024-12-09 20:51:17.045579,천천히 읽어 보겠습니다,공감돼요,4
15104897,cw*****,2024-12-09 14:45:40.386064,"한강작가가 동갑이라는게 놀랍기도 하고 자랑스럽기도 하다
",고마워요,2
15104656,hy********,2024-12-09 13:54:56.354636,"좋은 시
독특한 형식의 시
감동 받은 시
문득 작가의 목소리로 전해지는 듯이 느껴지는 시도 있다.",고마워요,4
15104211,jj**************,2024-12-09 11:08:30.439837,좋습니다. 유익합니다.,고마워요,4
15103523,ne*****,2024-12-09 02:55:26.977459,생각하게  하는 시,힐링돼요,4
15102491,my**************,2024-12-08 20:46:11.125986,잘 읽어볼께요 재미있을듯 ,고마워요,4
15101890,cu******,2024-12-08 17:44:00.611899,서랍에 저녁을 넣어 두었다. 라는 제목만이 남았는데 다시 읽으니 좋네요,공감돼요,4
15099284,yu*****,2024-12-07 21:11:58.548276,"조금 저에게 어려운 책이긴 하지만
천천히 곱씹으며 얽어 볼게요",고마워요,4
15097696,lg****,2024-12-07 12:25:21.501624,과연 한강 작가네요,힐링돼요,4
15093646,17****,2024-12-06 08:57:21.55971,시 내용이 다소 무거웠지만 너무 좋아요 ,최고예요,4
15093405,wh****,2024-12-06 03:57:41.104994,"반짝반짝 빛나는 언어의 정수
",공감돼요,4
15091009,ah*****,2024-12-05 13:18:49.876087,"좋은책 잘 읽겠습니다.
",공감돼요,4
15090055,he****************,2024-12-05 05:56:23.650877,감사합니다 잘 잀었습니다,힐링돼요,4
15087800,ch********,2024-12-04 14:44:48.484108,하루에 한편씩  천천히 읽고 있습니다,최고예요,4
15086418,ek*****************,2024-12-04 00:15:14.578691,진하고 여운이 많이 남는다,최고예요,4
15086203,na*****,2024-12-03 22:46:02.137952,"최고입니다
생각해야 합니다",최고예요,4
15084939,rk*******,2024-12-03 17:13:09.711215,소설과는 또 어떻게 다르게 쓰였을지 궁금했는데요. 깊이 다가와서 참 특별하네요.,최고예요,4
15084340,cy*****,2024-12-03 14:17:34.270193,친구 선물용으로 구매했는데 정말 좋아했어요 기분 좋는 선물,최고예요,4
15081922,an******,2024-12-02 20:42:30.873767,선물하고 싶어지는 마음이 드는 책이네요,고마워요,4
15080223,so********,2024-12-02 12:04:54.664157,한강은 역시 소설이지만 그 뿌리는 시에 있다,힐링돼요,3
15078043,to*****,2024-12-01 18:20:27.449222,한강의 시집^^ 소설가이지만 서정적인,힐링돼요,4
15077752,cl******,2024-12-01 16:48:25.996559,한강 작가님의 시집도 좋았어요 ,재밌어요,4
15076466,hs*****,2024-12-01 09:50:38.396007,"바로드림 서비스 이용해서
읽고 싶은 책 바로 잘 구입했어요:)",최고예요,4
15075361,wj********,2024-11-30 22:51:10.212236,시다보니 천천히 읽고 있어요. ,힐링돼요,4
15074538,se******,2024-11-30 18:49:33.826709,한강의 시세계가 궁금해서 구입한 책이다. 한강이 계속 시를 썼으면 좋겠다. ,고마워요,4
15073017,ma*****,2024-11-30 09:25:24.955572,어둠이 깔린 시입니다.,재밌어요,3
15071833,ji*****,2024-11-29 22:58:44.679967,한강 작가님 시집도 참 좋네요. 잘 읽혀요,공감돼요,4
15069833,ye********,2024-11-29 13:25:56.056183,너무너무 재밌게 잘봤습니당,재밌어요,4
15069185,mk*******,2024-11-29 09:54:08.907865,조금은 이해하기 어려운 정서도 있지만 찬찬히 곱 씹으며 읽었답니다.,고마워요,4
15068989,al*****************,2024-11-29 08:27:29.477998,잘 받았습니다. 감사합니다.,최고예요,1
15068451,na******,2024-11-28 23:50:57.003226,계속계속 읽어보려 합니다.,힐링돼요,4
15068171,17****,2024-11-28 22:09:42.629113,시. 내용이 조금 무거웠어요,고마워요,3
15067200,to********,2024-11-28 15:53:34.02279,역시 한강작가의 작품 좋네요 ,공감돼요,4
15065875,is****,2024-11-28 06:05:58.206945,노벨상 수상의 기뱐이 된 작가의 시적 문체를 만날 수 있습니다.,최고예요,4
15065361,he***,2024-11-28 00:00:01.033524,눈 오는 날 읽으니 더 좋네요.,힐링돼요,4
15065223,na*****,2024-11-27 23:27:02.346414,힐링되고 좋아요 최고예요,고마워요,4
15062831,mi********,2024-11-27 11:16:28.899403,여러번 읽어도 좋아요. ,최고예요,4
15059643,ba*******,2024-11-26 12:47:51.687571,"어둠이 묻어나있지만 차분한, 그리고 섬세한 흐름이 좋다.",힐링돼요,4
15056662,il********,2024-11-25 14:02:01.399567,신선한 작품입니다.,고마워요,4
15055943,fr****,2024-11-25 09:45:45.255058,오래 고민하고 구매했는데 좋아서  한자 한자  눌러 읽게 됩니다. ,공감돼요,4
15055794,pa***,2024-11-25 09:09:46.362639, 감성과 상상을 자극하는 글,공감돼요,4
15053743,bo*****,2024-11-24 16:04:23.593874,한강 작가의 시 세계도 궁금하네요,최고예요,4
15053599,be*****,2024-11-24 15:18:40.783249,한강작가 책 찾아보다 흥미로워 구입했습니다 재밌어요,재밌어요,4
15052197,ge****,2024-11-23 23:45:47.680118,시들이 다 너무 좋았어요,공감돼요,4
15051397,so****,2024-11-23 20:03:12.983348,공감이 되는 시들이 많았습니다.,공감돼요,4
15049990,mc****,2024-11-23 10:51:40.297956,아내의 선물로 구매했는데 좋아하네요,공감돼요,4
15048668,na******,2024-11-22 22:42:49.63808,어렵지만 짧으니 여러번 읽어보는걸로..,고마워요,4
15047661,bl******,2024-11-22 17:45:15.730881,미극사는언니가사들고가,고마워요,4
15047167,rh*******,2024-11-22 14:40:34.425151,한강작가님 책 원래 좋아했어서 시집은 어떨지 궁금하여 사봤는데 아직 읽진 않았습니다. 그래도 작가님 문체나 소설 속 분위기를 생각하면 시집 역시 좋을 것 같아요~,고마워요,4
15046637,cc******,2024-11-22 11:26:49.982645,감사합니다 만족합니다 ,고마워요,4
15045379,fo********,2024-11-21 22:58:30.111386,좋아요       ,최고예요,4
15043918,se********,2024-11-21 16:46:55.722731,노벨문학상 수상을 진심으로 축하드립니다!,고마워요,4
15041918,ti***,2024-11-20 23:43:48.849063,시집이어서 다른 감성을 느껴봅니다.,최고예요,4
15040466,ju*******,2024-11-20 16:29:45.819393,다른 책은 구매하지 않았으나 이 책만큼은 꼭 갖고 싶어 구매했어요 좋습니다,힐링돼요,4
15039946,jj********,2024-11-20 14:23:53.057763,"한강 작가님의 시집부터 시작
이해못할 어려운 문구로 쓰여지진 않았지만
천천히 읽어야 넘길 수있는 시집구나-라는 생각이 드는 책",공감돼요,4
15039653,ss*******,2024-11-20 12:47:38.539698,"한강작가님 책 다 사서 읽고있어요
모두 연결된 느낌이 드네요.",힐링돼요,4
15037712,ch******,2024-11-19 22:03:02.360704,"제목이 마음에 들어요
근데 공감하기는 어렵네요^^;;",최고예요,4
15037468,yu*******,2024-11-19 20:42:25.03336,어려운데 좋습니다.,최고예요,3
15037467,yu*******,2024-11-19 20:42:24.820479,어려운데 좋습니다.,최고예요,3
15037195,di******,2024-11-19 19:02:43.053126,제목이 맘에 들어요!,공감돼요,4
15037047,mo********,2024-11-19 18:05:58.525738,너무 좋더라 지하철에서 읽는데도 좋더라,공감돼요,4
15036604,de********,2024-11-19 14:53:53.001537,역시 작가님의 시집이네요,최고예요,4
15036598,de********,2024-11-19 14:53:02.109317,역시 한강 작가님의 시집입니다.,최고예요,4
15036461,su******,2024-11-19 14:12:29.991041,재밌고 유익합니다. 추천합니다.,고마워요,4
15036279,su******,2024-11-19 13:55:28.13436,재미있고 유익합니다. 추천합니다. ,고마워요,4
15036092,su******,2024-11-19 13:43:14.968448,재미있고 유익합니다. 추천합니다. ,고마워요,4
15034857,pe****,2024-11-19 10:09:23.847621,좋아요 좋아요 좋아요 ㅎㅎ ,최고예요,4
15034713,su******,2024-11-19 09:46:43.68752,재미있고 유익합니다. 추천합니다.,고마워요,4
15033466,wo*******,2024-11-18 22:57:28.375836,좋은 책입니다. 추천합니다.,재밌어요,4
15030702,83******,2024-11-18 11:14:56.38823,한강 작가님 노벨상 수상을 축하드려요 ,고마워요,4
15029255,1f****,2024-11-17 22:38:46.866922,읽기 좋은 시집입니다 👍 ,최고예요,4
15027940,di****************,2024-11-17 15:16:42.230201,시가 너무 아름다워요!,힐링돼요,4
15027866,dl********,2024-11-17 14:42:12.11765,한번씩 꺼내읽을때마다 매번 감동,최고예요,4
15026951,he******,2024-11-17 08:37:55.023894,한강 작가님 시집도 기대됩니다,고마워요,3
15022925,ju******,2024-11-15 23:06:28.622335,하나하나 감동이 넘치는 책이예요 ,최고예요,4
15021098,ye********,2024-11-15 15:26:08.381285,너무재밌어요~!ㅎㅎㅎㅎ,최고예요,4
15018672,un****,2024-11-14 22:22:31.602032,기다렸습니다. 좋은 소식에 행복했습니다. 고맙습니다…^^,고마워요,4
15018463,a1*****,2024-11-14 21:41:17.8017,작가님을 응원하고 출판계를 응원합니다,고마워요,4
15018461,a1*****,2024-11-14 21:40:37.679724,"동료들과 함께 보고 있습니다 
",고마워요,4
15017446,pk***************,2024-11-14 15:37:12.50353,무척 기대됩니다. ,최고예요,4
15016590,z1****,2024-11-14 11:41:34.488587,조곤조곤한 작가의 음성이 들리는듯 차분하고 사색적인 느낌이 좋았습니다,고마워요,4
15016446,na******,2024-11-14 10:51:35.676778,"독서는 항상 시작이 어려운 것 같습니다.
하지만 이 책은 그 어려운 입구조차 가볍게 두드리며 넘어갈 수 있게 해줍니다. 술술 읽어가면서 정독할 수 있었던 이책 덕분에 독서의 소중함을 다시한 번 느낄 수 있었습니다.",힐링돼요,4
15015890,pa***,2024-11-14 08:40:18.090143,마음에 잔잔한 울림을 주는 책이예요!,공감돼요,4
15014625,ss****,2024-11-13 18:56:28.605658,작가의 시적 감성을 고스란히 느껴볼 수 있는 잔잔한 내용임.,공감돼요,4
15014483,mi******,2024-11-13 18:02:05.137618,한강작가의 책은 맘을 두드립니다,공감돼요,4
15014197,ik*****,2024-11-13 16:28:14.097091,다양한 내용이 많아서 만족합니다,고마워요,4
15012979,qk********,2024-11-13 10:26:33.218591,노벨상을 탄 작가의 시집이라니!,고마워요,4
15012254,go********,2024-11-13 04:20:29.264075,책 제목 부터가 읽고싶어요,최고예요,4
15010370,ah*****,2024-11-12 17:01:47.819828,잘 읽었습니다. 좋은 책 감사합니다.,고마워요,4
15010088,jk******,2024-11-12 15:23:29.21213,시집은 오래간만인데 좋아요.,힐링돼요,4
15008203,sa******,2024-11-12 09:06:08.383815,깊은 문장. 작가의 슬픔이 깊다...,고마워요,4
15008070,ch*******,2024-11-12 08:02:27.442994,좋아요좋아요좋아요좋아요좋아요좋아요좋아요좋아요,힐링돼요,4
15007675,ob********,2024-11-11 23:50:20.601483,한강 작가님의 서정적이고 고요한 시세계도 참 좋아요~^^,최고예요,4
15007042,sw*****,2024-11-11 21:28:42.926115,너무재미있어요~~~,최고예요,4
15006041,ha*****,2024-11-11 15:47:12.319179,하루에 조금씩 읽고 있습니다.,힐링돼요,4
15004710,ob********,2024-11-11 09:11:36.948997,한강 작가님 감성적인 시들...최고예요~^^,최고예요,4
15004601,sa***,2024-11-11 07:56:14.10626,한강 작가의 노벨상 수상을 축하하며 구입했어요. 좋아요.,최고예요,4
15004594,sa***,2024-11-11 07:53:53.622615,한강 작가의 노벨상 수상을 축하하며 구입했어요. 시도 좋네요.,공감돼요,4
15004527,ls****,2024-11-11 06:55:40.13171,독특한 제목이지만 작가님의 책을 모두 구입했어요.,최고예요,4
15000837,lm*****,2024-11-09 23:13:44.174849,"한강 작가님만의 섬세한 표현 , 문체를 들여다보고 있으니 생각의 폭이 넓어지는 시간이 되는 듯하다.",힐링돼요,4
14998710,sj*****,2024-11-09 10:40:25.223905,책 잘 받아보았습니다 ,고마워요,1
14997700,hi*******,2024-11-08 23:12:33.873536,한강 작가의 시는 어떨지 궁금해서 주문해보았습니다,고마워요,3
14996306,go*******,2024-11-08 15:47:48.400266,"시를 후루룩 읽어버릴까봐 겁이 나서 한 편, 한 편씩 조심히 보고 있어요. ",최고예요,4
14996180,eu*******,2024-11-08 14:57:33.997361,어렵지만 생각하게되는 책이에요,최고예요,4
14994860,bp****,2024-11-08 08:08:04.374759,한강을 이룬 마음을 이해하려 할 때 봐야할 작품. ,힐링돼요,4
14994730,ah*****,2024-11-08 07:09:28.346049,정말 좋아요 한 권 더 구입했어요,고마워요,4
14993861,wo*******,2024-11-07 22:13:02.180236,"한강의 소설과 느낌이 비슷한, 아픔을 다룬 시들",힐링돼요,4
14993093,lj******,2024-11-07 17:23:44.833636,시집 도전 해봅니다,최고예요,4
14991021,jw******,2024-11-07 05:17:26.000745,어떤 종류의 슬픔은 물기가 없이 단단하여 어떤 칼로도 연마되지 않는 원석과 같다,최고예요,4
14990683,wl******,2024-11-06 23:59:42.32034,"가을엔 시집이 읽고 싶어져요. 몇 년 전에 읽고 나서 인상 깊은 구절이 많았는데, 친구에게도 선물하고 싶어서 구매했어요. 시적 세계의 아름다움을 만끽하며, 유독 짧게 느껴진 가을을 보내고 다가올 겨울을 맞이하고 싶네요.",재밌어요,3
14990520,wj********,2024-11-06 23:01:31.722562,이번 기회에 천천히 읽어 보려고 합니다. ,최고예요,4
14990359,he****,2024-11-06 22:21:04.369685,작가님의 수상을 축하드려요,최고예요,4
14990202,ku******,2024-11-06 21:36:41.457671,노벨문학상 수상자의 작품을 원서로 읽어 볼 수 있다는건 너무나도 큰 행운 같아요. 한강 작가님의 수상을 계기로 책을 자주 읽기 시작했습니다. 서랍에 저녁을 넣어 두었다는 가볍게 읽기 좋아요,최고예요,4
14990090,ly*******************,2024-11-06 20:44:37.743906,기대되는 시집입니다. 아리쏭한듯 하다가도 알 것도 같은 그 느낌때문에 놓을 수가 없네요 ,고마워요,4
14989861,by***************,2024-11-06 19:27:56.367276,한 강 작가의 부친 한승원씨 작품들에 남다른 애정이 있어서..,고마워요,4
14989650,ma***,2024-11-06 18:15:42.538729,소설보다 시를 먼저 쓰셨다고 하시더니 시도 평범하지 않네요. ,재밌어요,4
14988584,co******,2024-11-06 12:43:30.453117,조금 어렵다는 느낌을 받았던 시집인데 다시 읽으니 또 새롭다,최고예요,4
14988165,gy******,2024-11-06 10:23:44.491155,아직 보진않았지만 기대됩니다,고마워요,4
14988032,rk*****,2024-11-06 09:49:10.134453,몇 번씩 읽게되는 책이에요,힐링돼요,4
14987699,ms******,2024-11-06 08:47:56.749594,좋습니다. 잘 읽겠습니다.,공감돼요,4
14987567,my*******,2024-11-06 07:50:35.028794,시집도 한 번 잘 읽어보겠습니다,힐링돼요,4
14983336,li********,2024-11-04 22:55:49.595747,재미있게 읽고 있어요. 역시 한강 작가님,최고예요,4
14981965,sa******,2024-11-04 16:21:30.900951,"조아요

시대적 흐름",최고예요,4
14981868,su********,2024-11-04 15:44:38.940689,한강 시집. 좋아요좋아요,최고예요,4
14980861,9h*********************************,2024-11-04 10:27:01.278331,눈길이 닿을때마다 펼쳐서 읽게 되는 책,고마워요,4
14980773,an***,2024-11-04 09:51:53.371245,시집읽어보고싶어서 구매,고마워요,4
14980645,hi****,2024-11-04 09:17:23.774899,너무너무 잘봤습니다!,힐링돼요,4
14976748,wi******,2024-11-03 09:44:24.591674,"작가의 첫 작품이라 기대하고 읽었습니다.
훙미로워요",힐링돼요,4
14976629,re********,2024-11-03 09:10:15.302218,시를 읽으며 위로가 됩니다. 한강 작가님이 젊은시절 쓰신 시를 읽으며 오늘도 하루를 힘차게 시작합니다^^,힐링돼요,4
14976547,kj******,2024-11-03 09:02:31.919929,서랍에 저녘을 넣어 두었다 최고예요,최고예요,4
14976141,su****,2024-11-03 01:01:43.76148,"커피한잔과 시집. . 그리고 가을이라는 계절
삼박자가 합을 이루니
시집을 읽는 동안 더없이 행복하네요

시집은 늘 어렵게만 느껴졌는데
모처럼 푹 적셔졌네요
",힐링돼요,4
14975371,zk******,2024-11-02 22:24:30.477193,글이 참 따뜻하고 일상적이라 좋아요,공감돼요,4
14974465,ss******,2024-11-02 18:28:36.418007,"13년 11웧에 쓴  시집을 이번 기회에 접합니다.
30페이지, 서커스의 여자부터 호기심이 일어나네요. 저는 ",고마워요,3
14974363,eu*******,2024-11-02 17:43:49.525059,좋은 내용의 책을 소중하게 잘 읽고 있습니다,힐링돼요,4
14974192,dl********,2024-11-02 16:53:43.985683,가을에 읽기 좋은 시집,힐링돼요,4
14974191,dl********,2024-11-02 16:53:25.566892,선물하려고 구입합니다,힐링돼요,4
14974188,dl********,2024-11-02 16:53:04.030447,한강작가님은 시도 최고입니다,최고예요,4
14973013,eg*****,2024-11-02 11:31:58.146977,시인으로 등단하셨다더니 정말 시도 좋네요ㅎㅎ,최고예요,4
14972697,ck****,2024-11-02 10:04:45.667098,바쁜 사회에서 한페이지씩 읽습니다,최고예요,4
14972518,kd*******,2024-11-02 09:19:42.374598,내가 가장 나약할 때도 내 마음 누더기,힐링돼요,4
14971482,pg****,2024-11-01 23:06:10.791651,유일한 시집입니다. 일독을 권합니다.,최고예요,4
14971403,cc******,2024-11-01 22:33:31.983155,"감사합니다, 잘 읽겠습니다 ",고마워요,4
14969860,s9*****,2024-11-01 14:34:14.675782,한강작가님 축하드립니다아👍,최고예요,4
14969721,ek*****************,2024-11-01 13:48:22.793636,시집이라 간단하게 읽어 볼 수 있어서 좋아요,힐링돼요,4
14969435,mo******,2024-11-01 12:16:27.090076,"무겁게 읽히지만, 그 무게감이 이 계절에 참 좋습니다.",고마워요,4
14969367,ju****,2024-11-01 11:48:54.177761,"가장 압축적으로, 한강 작가를 느낄 수 있는 시집이네요.",최고예요,4
14969097,yj*****,2024-11-01 10:07:11.066694,            .,고마워요,4
14968632,pi********,2024-11-01 06:44:37.547319,"3권 주문했는데
각각  옵니다
2권은왔고 한권은 오늘 올거같아요
배송한번에  했으면 편하셨을텐데
감사드립니다
책 고맙습니다
책을  다시  접하게  된 계기가  되었습니다
소년이 온다만 다읽고 시집은읽는",고마워요,4
14968344,im****,2024-11-01 00:30:45.134133,밝음은 안 느껴지지만 낭독하게 하는. . .,고마워요,4
14968320,na*******,2024-11-01 00:12:21.424186,정말 따뜻한 시집이에요,최고예요,4
14968246,ji**********,2024-10-31 23:52:58.492591, 고요하면서 쓸쓸한듯 정제되어 있는느낌이에요,힐링돼요,4
14968075,na*******,2024-10-31 23:23:51.144155,"진짜 너무 따뜻해요
",최고예요,4
14967666,ja******,2024-10-31 22:12:46.519149,노벨문학상 축하드립니다.,힐링돼요,4
14966892,db*******,2024-10-31 19:51:53.651321,단편과 함께 읽으니 시도 이해가 잘 됩니다,최고예요,4
14966758,ju****,2024-10-31 19:04:08.092989,소장가치가 있는 책입니다,고마워요,4
14966485,rh***************,2024-10-31 17:39:00.622267,노벨상 기념으로 구매했습니다. 아직 다 읽지는 않았지만 그냥 사놓은것만으로도 좋네요 언젠간 다 읽겠죠.. ,고마워요,4
14966215,fr*******,2024-10-31 16:09:28.135357,좋아요 좋아요 좋아요 ,힐링돼요,4
14966139,js****,2024-10-31 15:47:01.586627,한강 작가님의 시집을 갖게되어 무한한 영광입니다.,고마워요,4
14965720,lj****,2024-10-31 13:44:45.977772,서랍에 저녁을 넣어 두었다.,공감돼요,4
14964804,sj*****,2024-10-31 09:23:01.204051,책 잘 받아보았습니다 ,고마워요,1
14964325,js*****,2024-10-31 03:41:25.541907,"배송지연.
기타는 나이스~~~",최고예요,4
14963752,co*******,2024-10-30 23:29:31.899083,"한강 작가님의 시집을 드디어 보게 되네요. 그동안 몇개만 인터넷으로 보고 다른 시들도 궁금했는데, 이렇게 읽게 되어 얼마나 기쁜지..^^",고마워요,4
14962116,ha*****,2024-10-30 16:58:26.447386,조금씩 조금씩 읽고 있습니다.,고마워요,4
14962110,95******,2024-10-30 16:54:39.811889,잘봤어요ㅠㅠㅠㅠㅠㅠ,재밌어요,4
14959988,th***,2024-10-30 09:06:37.714588,"잔잔한 마음의 소리를 풀어낸
아름다운 국어",공감돼요,4
14959923,no******,2024-10-30 08:55:04.694872,담백한 시집이네요. ,고마워요,4
14959509,yj****,2024-10-30 01:02:17.670488,한 글자 한 문단 마다 꾹꾹 일상이 버겁게 느껴지도록 삶을 돌아보게 하는 깊은 울림이 옵니다.,힐링돼요,4
14959235,hw***,2024-10-29 23:53:56.986785,한강 작가의 시도 읽어보고 싶다면 추천,최고예요,4
14958604,so**********,2024-10-29 21:45:22.397309,한강 작가님 노벨문학상 축하드립니다...!,힐링돼요,4
14958603,ka********,2024-10-29 21:45:08.427615,어두움과 무거움 끝에 한조각 따뜻한 희망이 느껴진다. 삶이 그렇듯이.,공감돼요,4
14957929,re********,2024-10-29 19:22:15.707573,한강작가님 시가 너무 좋아서 이번기회에 소장하려고 구매했어요^^ 감사해요😊,공감돼요,4
14957206,ju****,2024-10-29 16:59:10.004334,한강작가님 작품 ㅁㅎ으고 있어요~~~,고마워요,4
14957062,cy****,2024-10-29 16:31:20.678067,아직 읽기전인데 기대됩니다~,최고예요,4
14956113,da*******,2024-10-29 12:12:43.043582,"노벨문학상 축하드립니다.
꼭 읽고 싶었습니다",힐링돼요,4
14953846,a1*****,2024-10-28 20:53:23.190153,"기대가 됩니다
동료들과 같이 볼 예정입니다^^",고마워요,4
14953806,st******,2024-10-28 20:39:15.438122,소설가의 시가 궁금하여...,최고예요,4
14953231,da*******,2024-10-28 17:38:27.885557,"첫 시집 … 자꾸 읽게됩니다.
유일한 시집으로 잘간직합니다.",공감돼요,4
14953224,24***************,2024-10-28 17:36:38.33188,삶에서 이런 감정이 있었다는걸 문장으로 만들어주는 시집이에요 ,힐링돼요,4
14952433,ro********,2024-10-28 14:12:02.468543,소중한 시집.. 또 시집이 나왔으면 좋겠어요 ,최고예요,4
14952163,ch******,2024-10-28 12:50:31.307452,선물하기도 좋은 책이에요,최고예요,4
14951991,na******,2024-10-28 11:42:59.714409,내 영혼을 되돌아 볼 수 있기를 소망합니다,고마워요,4
14951715,ch*****,2024-10-28 10:25:36.903132,만족하는 도서입니다.,재밌어요,4
14951498,li*******,2024-10-28 09:38:55.033788,술술 읽히고 좋아요,최고예요,4
14950020,mu*****,2024-10-27 21:28:51.470395,"한강작가님
노벨문학상 수상을 축하합니다.",공감돼요,4
14949275,ki********,2024-10-27 18:43:15.310218,배송이ㅜ너무 친절해요,고마워요,4
14949197,kk*****,2024-10-27 18:02:46.655983,문장 하나 하나 참 좋아요.,힐링돼요,4
14948607,sj*****,2024-10-27 14:39:35.713536,책 잘 받아보았습니다 ,고마워요,2
14947214,ek*******,2024-10-27 03:57:08.87637,글로 감동을 받은 게 얼마만인지...,최고예요,4
14945136,ca*****,2024-10-26 18:11:08.691351,시도 소설만큼이나 너무 좋네요. 요즘처럼 쌀쌀해지기 시작한 가을 아침과 저녁즈음에 시 한편. 삶이 충만해집니다.,최고예요,4
14945089,gi*****,2024-10-26 17:49:18.314403,조금은 어두운 조금은 흐린날씨같은  조금은 동트기전 새벽 같은 조금으,고마워요,3
14944642,ou****,2024-10-26 16:05:57.500831,생각보다 어렵네요.. 두 번 세 번 계속해서 봐야겠어요,최고예요,4
14944288,ed********,2024-10-26 14:42:53.009278,최고에요 감사합니다,힐링돼요,4
14940673,id**************,2024-10-25 20:34:06.250731,시적인 감성이 좋아좋아 ,공감돼요,3
14939780,gi*****,2024-10-25 15:30:52.872683,대한민국에 영광을 안겨주신 작가님 감사합니다 내 살아생전에 이런 기쁜 소식을 접하게되어 고맙습니다,고마워요,3
14939766,al******,2024-10-25 15:27:32.558358,추천받아 구입했는데 한장한장 좋습니다,고마워요,4
14939618,yu******,2024-10-25 14:38:44.610979,축하합니다. 잘 읽을게요,고마워요,4
14939110,ni*****,2024-10-25 11:40:19.219182,너무 감격스럽습니다 ㅎ,고마워요,4
14939096,ni*****,2024-10-25 11:38:05.823208,너무 감격스럽습니다ㅎ,고마워요,4
14939075,ko*******,2024-10-25 11:35:37.528145,한강님의 시는 이런 느낌이구나 ....좋아요,최고예요,4
14939065,cy****,2024-10-25 11:34:32.65228,소설도 좋지만 시집도 정말 좋습니다. 엄마의 마음이 느껴지는 시가 있어 더 마음에 와 닿았어요.,최고예요,4
14939064,jm******,2024-10-25 11:34:18.941811,"시집이 좋아서 친구들에게 선물하려고 여러권 구매했습니다.

",공감돼요,4
14937987,yh***,2024-10-25 00:34:48.044179,좋은 시예요 현대 시 중에서도 난해함은 덜한 편인 것 같고 무엇보다 한강 특유의 무거우면서도 시적인 문장이 좋아요,최고예요,4
14937493,ju******,2024-10-24 22:38:39.256076,"지금도 영원히 지나가버리고 있다고 
밥을 먹어야지 나는 밥을 먹었다",힐링돼요,4
14937453,vo*******,2024-10-24 22:33:40.802501,인상 깊게 잘 봤습니다.,고마워요,4
14937358,jm******,2024-10-24 22:11:31.928632,"시집을 먼저 읽고 소설을 하나하나 읽어나가니,
겹치는 이미지 심상이 느껴져 너무 좋습니다.",최고예요,4
14937298,a1*****,2024-10-24 21:55:37.54429,작가님의 마음을 느껴보겠습니다,고마워요,4
14937194,so********,2024-10-24 21:13:59.041044,마음에 남는 언어들,공감돼요,4
14937036,va*****,2024-10-24 20:05:38.787644,너무너무 좋습니다 ,최고예요,4
14937033,va*****,2024-10-24 20:05:21.665334,너무 너무 기대되네요 ,최고예요,4
14937030,va*****,2024-10-24 20:04:43.511337,너무너무 좋습니다 ,최고예요,4
14936755,mg*****,2024-10-24 18:09:20.934007,작가님 오랫동안 좋은 글 부탁드립니다.,최고예요,4
14936689,hj******,2024-10-24 17:44:51.034682,한강작가의 마음을 읽고 싶어서 책을 구매하게 되었네요.,힐링돼요,4
14936389,od****,2024-10-24 16:39:01.596559,좋은 시집 잘 받았네요. 잘 읽고 있어요.,공감돼요,4
14935789,au*****************,2024-10-24 13:41:00.704628,상받으셔서 읽어보려구매,재밌어요,4
14935754,ju********************,2024-10-24 13:29:22.523509,소중한 책을 잘 받았습니다. 부자가 된 기분입니다.,최고예요,4
14935580,te*****,2024-10-24 12:16:34.772355,"감사합니다 
잘 읽고 있어요",고마워요,4
14935410,sc******,2024-10-24 11:19:03.222065,"같은 시대 
같은 느낌",공감돼요,4
14933580,je****,2024-10-23 21:15:56.007831,재미있게 잘 읽었습니다. ,힐링돼요,4
14933514,a1*****,2024-10-23 21:04:58.266614,작가의 생각을 느끼면서 천천히 읽어내려갑니다,고마워요,4
14932602,s8****,2024-10-23 16:42:57.174573,쉽지는 않지만 아스라한 즐거움,공감돼요,1
14932275,ga******,2024-10-23 15:24:57.312172,너무 좋은 시들이 많네요,최고예요,4
14931659,de******,2024-10-23 14:04:40.88234,"내용은 좀 어렵고, 어둔 색깔의시집! 한강 작가의샥채는 회색빛이다",공감돼요,3
14931481,ja*****,2024-10-23 13:12:03.809787,작가님 책을 시작하기에 좋은 시집 입니다.,최고예요,4
14930611,78*******,2024-10-23 09:07:21.936221,조금 어렵지만 곱씹으며 읽어보겠습니다 ,힐링돼요,4
14930409,ai*****,2024-10-23 07:42:59.439213,이해하기어렵긴한데 정독해보겠습니다,고마워요,4
14930043,fu******,2024-10-23 00:39:02.459256,두권 주문했는데 시집 먼저 왔네요,고마워요,4
14929808,kj******,2024-10-22 23:37:59.552221,한강 작가 서랍에 저녁을 넣어 두었다 좋아요,고마워요,4
14929499,ka****,2024-10-22 22:53:52.403085,빠른 배송 감사합니다~,최고예요,4
14929415,hs****,2024-10-22 22:39:38.251634,"한강 노벨상 축하드려요!!
처음으로 시집을 샀습니다! 두고 두고 읽을거예요 ",최고예요,4
14929197,ni*****,2024-10-22 21:53:12.868372,조아요 괜찮아요 도움돼요 ,고마워요,4
14928819,or*****,2024-10-22 20:18:43.958104,오랜만에 시라는 걸 접해봅니다.,힐링돼요,4
14928612,el*****,2024-10-22 19:38:25.641861,작가의 소설들이 시적인 언어 표현들이어서 시집을 읽고 싶어졌다. 뭐라 설명할 수 없.. 마음으로 읽는 중..,공감돼요,4
14928264,na******************,2024-10-22 17:43:39.878239,"아내의 부탁으로 시집을 구입합니다.
잘 읽어 보겠습니다.",고마워요,4
14928021,wa******,2024-10-22 16:33:40.902642,한강 작가님 덕분에 잘 읽었습니다.,최고예요,4
14927666,ko******,2024-10-22 14:24:29.620234,수상축하 드리며 잘읽겠습니다,최고예요,4
14927665,su****,2024-10-22 14:24:22.737983,"한강 작가의 문장력을 흠뻑 느낄 수 있는 시집입니다. 마음에 와 닿는 시 몇 개를 만날 수 있어 행복했어요. 
",힐링돼요,4
14927283,mc****,2024-10-22 12:10:04.77796,"힐링되는 시집입니다
최고입니다 ",힐링돼요,4
14926773,ju*******,2024-10-22 09:54:55.511767,"1. 너무 오랜만에 구입해본 시집.
2. 밝음 보다는 무채색에 가까운 느낌의 그런 시집.
3. 그러나, 노벨문학상 수상작가님의 시집을 소장하게 되어 기쁩니다.",고마워요,4
14926729,ye******,2024-10-22 09:48:38.283656,"한강작가님 책 시집부터 시작하려고 해서 구입했습니다. 기대만큼 읽어봤더니, 좋은 책 같아요",힐링돼요,3
14926516,sa******,2024-10-22 08:18:59.791722,서정적인 글이네요 ,최고예요,4
14926401,kj******,2024-10-22 06:43:11.867135,서랍에 저녁을 넣어 두었다,최고예요,4
14926396,ps*******,2024-10-22 06:38:08.089289,문학노벨상 축하드립니다. 시집이 와닿아서 주문했습니다. 질 읽을게요. ,공감돼요,4
14926301,ru*******,2024-10-22 04:14:39.285197,"한강 시인님의 노벨 문학상 수상을 진심으로 축하드립니다.
대한민국의 한 국민으로서 너무나 자랑스러우며 시적 소설가 한강님의 시집을 원서로 읽을 수 있게 되어 큰 행운일 뿐입니다.
앞으로 시집이든 소설이든 차기 작품 또한 기다리고 기다리겠습니다.
감사하고 고맙습니다.",고마워요,4
14926165,sp*******,2024-10-22 01:02:57.699663,드디어 도착했네요. 다른 책들은 2회 지연되어 취소하고 나중에 아이들과 서점에 직접가서 구매해야 겠어요. 가을에 힐링,힐링돼요,4
14925253,ha*******,2024-10-21 21:36:24.277805,역시 한강! 문장을 읽을 때마다 장면이 하나둘씩 연상되는 시집이라 좋다.,힐링돼요,4
14924901,zp****************,2024-10-21 19:59:49.476006,한강 작가님의 작품 중 바로 배송이 가능한 작품이라 주문했습니다. 빠른 배송 감사합니다~ 잘 읽겠습니다!,공감돼요,4
14924789,se*****,2024-10-21 19:35:55.992973,모든글이 시가되는곳,최고예요,4
14924673,mi*****,2024-10-21 18:54:47.896609,한강 작가인데 심지어 시집이라니….소장안 할 이유가 없죠,최고예요,4
14924290,ed********,2024-10-21 16:59:23.483141,꼭 읽어보세요 최고입니다,최고예요,4
14923395,wo********,2024-10-21 13:20:54.295458,잘 읽어보겠습니다...,최고예요,4
14923250,ka*****************,2024-10-21 12:13:47.534837,제목에 끌려서 구매했습니다. ,최고예요,4
14922503,is******,2024-10-21 09:13:10.156134,차분하게 읽을 수 있어요. ,고마워요,4
14922281,lm*****,2024-10-21 07:31:00.221121,"노벨문학상 작가의 시를 한국어로
읽는다는 것 만으로도 힐링됩니다.",힐링돼요,4
14922200,sh******,2024-10-21 06:37:32.662024,한강 작가의 시집 좋아요,최고예요,4
14920429,ro****,2024-10-20 19:17:55.526338,소장 목적으로 구매해요..,고마워요,4
14920323,ro***,2024-10-20 18:42:08.699186,시인으로 등단하신만큼 시집도 읽어보고 싶어서 구매했어요. 얼마나 급하게 책을 찍어내셨는지 겉표지 위쪽이 거의 뜯어지다시피 재단 되었네요. 아쉽습니다.,최고예요,4
14919428,bi******,2024-10-20 13:39:58.214595,"저에게 와닿는 시는 괜찮아 였어요.
한강 작가님이 등두드려주며 괜찮아 하고 말해주시는것 같은 느낌을 받았습니다.

누군가  힘들어한다면 왜그래,가 아니라 괜찮아라고 해주고프다는 생각이 드네요

한강 작가님 작품 첫스타트는 서랍에 저녁을 넣어두었다라는 시집이지만 하나씩 소설 작품도 읽어보고싶어요

작가님 노벨문학상 수상 축하드립니다",공감돼요,4
14919424,ma******,2024-10-20 13:38:44.358532,조금은..잘 볼께요.,고마워요,3
14919176,ky*****,2024-10-20 12:05:23.403681,"종종 펼쳐보고
동화되고
되새기고
음미하고
기억하고",힐링돼요,4
14918914,ha*******,2024-10-20 10:48:36.292907,한 문장 한 문장에 묵직한 힘이 느껴져요,최고예요,4
14918820,jw******,2024-10-20 10:12:33.062368,이번 기회에 읽어보게 되었어요!!!,고마워요,4
14918615,ni*****,2024-10-20 09:19:34.416536,노벨상 수상을 진심으로 축하드립니다.,최고예요,4
14918408,sh****,2024-10-20 06:35:53.87282,어려운 상황에서도 빠른 시간에 준비해주셔서 감사합니다.,고마워요,4
14918120,g2****,2024-10-20 01:05:08.34173,너무 오랜시간기다려 10일만에 받았어요 ㅜ,공감돼요,3
14916387,ki*****,2024-10-19 16:39:50.542138,수상을 축하합니다.,고마워요,4
14916238,ds****,2024-10-19 15:49:57.838288,가을에 읽을 수 있어 좋습니다. 작가님의 노벨상 수상을 축하드립니다.,최고예요,4
14915992,ye*****,2024-10-19 14:26:41.229258,기다렸습니다 잘 읽겠습니다 ,최고예요,4
14915935,al*****,2024-10-19 14:13:32.104254,잔잔하게  내가슴속에  다가와서요,공감돼요,4
14915924,al*****,2024-10-19 14:11:41.270336,잔잔하게 내마음속에 다가왔어요,공감돼요,4
14915880,ne******,2024-10-19 13:52:30.477632,초고예요. 힐링되는 시집입니다. ,최고예요,4
14915681,ni****,2024-10-19 12:37:51.091928,한강 시집 기다렸어요~~,고마워요,4
14915678,ni****,2024-10-19 12:36:51.864156,역시.. 한강 시집입니다 ,고마워요,4
14915637,qk******************,2024-10-19 12:18:44.991959,생각보다 빨리 왔어요. 48 쇄네요. ,최고예요,4
14915490,bo********,2024-10-19 11:22:25.078153,"한강 작가님 수상을 축하하며, 오랜만에 시집 읽습니다.",최고예요,4
14915212,k4****************,2024-10-19 10:18:27.520361,"이번에 필사를 목표로 구매했어요.
좋은 문장입니다.
",힐링돼요,4
14914793,ai*****,2024-10-19 08:55:04.812958,읽을수있음에감사합니다,고마워요,4
14914784,sh******,2024-10-19 08:52:08.789026,한강 작가님 작품 입문으로도 좋은 책이었어요! 작가님이 시를 쓴 줄은 몰랐는데 역시 … 작가님이시더라고요 :) 너무 좋아요,최고예요,4
14912992,sl******,2024-10-18 21:32:12.493388,한강 작가님의 시집 너무 힐링돼요,힐링돼요,4
14912687,ck***************,2024-10-18 20:11:35.137329,시가 내려앉는 느낌이 있으나 일단 한강 작품 입문ㆍ 책표지가 보던거를 판거 같은 ㆍ내가 첫 페이지 펼쳐야 되는데 ᆢ이미 첫 페이지 표지가 접어놓은 헌책을 보내셨네요 ㆍ새것 보낸것도 아닌데 배송도 늦었구ᆢㅠ노벨상받은거 책방이 특수를 누리나 ᆢ,고마워요,3
14912473,ba******,2024-10-18 19:07:13.884299,한강 작가님 책 3권 주문했는데 시집 한권이라도 오늘 먼저 배송이 되었네요~ 감사합니다~,최고예요,4
14911853,oh***,2024-10-18 15:57:25.762795,아껴 읽으려다 앉은 자리에서 다 읽어버렸네요,고마워요,4
14911769,wr******,2024-10-18 15:45:28.949899,요즘 전자책으로 읽다가 작가님 덕분에 종이책으로 구입했습니다. 작가님 축하드리고 감사합니다!,최고예요,4
14911334,ju******,2024-10-18 13:59:01.886214,한강작가님 작품은 마음을 고요하게 만드는 마법이 있어요,최고예요,4
14911248,ry*****************,2024-10-18 13:37:52.563015,너무 기대되는 책입니다,최고예요,4
14910410,ji**********,2024-10-18 10:07:30.632863,추천으로 구매하게되었어요 기대됩니다,힐링돼요,4
14909279,sw******,2024-10-17 23:12:57.126907,"수상 후에 접하게 되는 시 구절이 마음에 들던 차에
교보문고 지나가다 직접 구매하는 기회가 생겼어요. 엄마랑 가다가 선물 받아서 더 좋아요! ",고마워요,4
14908700,bu******,2024-10-17 19:57:45.776818,노벨문학상 한강작가님의 책 잘 보고 있습니다!*^^*,공감돼요,4
14907687,he*****,2024-10-17 15:17:06.342225,미리 살걸...진작 살걸,최고예요,4
14907526,pm*****,2024-10-17 14:47:26.274889,한강 작가님 시집도 최고,힐링돼요,4
14906521,ju*****,2024-10-17 09:42:47.090784,시적 아름다움을 다시한번 느끼게 해준 대한민국의 자랑 대표 문인,최고예요,4
14906078,ss******,2024-10-17 04:18:37.350012,전혀 생각하지 못한 영감을 부르는 시,최고예요,4
14904425,ha******,2024-10-16 17:43:47.676071,사색하며 읽기 좋아요. 여행갈때 가지고 가려고합니다.,고마워요,4
14892352,as*****,2024-10-13 20:48:19.297953,어떤 시들일지 궁금해요,고마워요,4
14498688,hn*****,2024-08-28 19:05:49.440924,재밌게 읽었습니다!,고마워요,4
14458317,jo*****,2024-08-24 11:11:44.164147,제목이 마음에 들어서 오랜만에 시집을 구입해봤어요.,고마워요,3
14289683,aj******,2024-07-31 12:03:53.775883,오랜만에 시집읽으니 좋네요,힐링돼요,4
14043813,at****,2024-06-26 07:18:12.357548,재미있고 유익한 시집입니다.,재밌어요,4
14033173,dr********,2024-06-24 13:35:18.64233,상품과 배송 다 만족,공감돼요,4
13967415,ty******,2024-06-13 20:34:14.750343,무게도 가볍고 내용도 다소 어려운 부분은 있지만 무리없이 즐길 수 있다,재밌어요,4
13849471,he****,2024-05-28 11:44:07.46963,한강의 소설만 읽다 시도 한번 도전해봤는데 역시 좋아요,힐링돼요,4
13715194,sy****,2024-05-07 09:33:20.980758,좋은 책 감사히 잘 읽었습니다. 감사합니다.,힐링돼요,4
13705887,hi******,2024-05-05 19:10:35.158553,깊은 슬픔이 느껴집니다.,공감돼요,3
13688492,sb*******,2024-05-03 18:28:18.813016,잘 읽었습니다. 뒷부분 해설도 좋았습니다.,고마워요,4
13611656,to*****,2024-04-21 10:37:09.472608,한강 작가의 시는 처음접합니다. 기대됩니다,힐링돼요,4
13575956,na****,2024-04-17 11:03:22.253387,선선하고 따뜻한 날에 읽기 좋은책..,공감돼요,4
13318739,br********,2024-03-10 19:57:35.257137,최고의 시집~~~~,힐링돼요,4
13059484,ji*****,2024-02-03 13:27:59.867837,시인님의 말들 너무 깊습니다.,고마워요,4
13059471,ji*****,2024-02-03 13:26:32.808355,좋은 글과 시인의 마음,공감돼요,4
12833727,hr****,2024-01-02 13:17:14.390589,많이 추천해주셔서 구매했습니다,최고예요,4
12833718,hr****,2024-01-02 13:15:49.65135,많이 추천해주셔서 구매했습니다,최고예요,4
12815398,hr****,2023-12-30 14:51:48.688961,선물용으로 보내드렸는데 받으시는 분께서 만족해하셨습니다,최고예요,4
12674355,jo******,2023-12-06 21:41:25.843662,빠르게배송되어 잘받았습니다 ,최고예요,4
12588369,me******,2023-11-22 14:20:28.978045,진짜 좋은 것 같습니다,재밌어요,4
12506373,eh*****,2023-11-08 06:21:49.604064,"좋아요

정말 오랜만에 산 시집",힐링돼요,4
12500907,aa******,2023-11-07 00:03:00.964106,시는 시간을 두고 천천히 반복해서 읽다보면 언젠가 읊을수 있는 날이 오겠죠?,고마워요,4
12373910,fj*********************************,2023-10-14 11:36:59.423178,편하게 볼 수있는 책인 거 같애요,힐링돼요,4
12251834,ku******,2023-09-19 02:04:21.969232,한강작가님이 왜그리 유명한지 알 수 있었습니다. 술술 읽히네요.,힐링돼요,4
12222083,ha*******,2023-09-14 20:06:07.589769,"제목이 좋아서 주문 했는데, 저한텐 좀 격해요&hellip; ",고마워요,2
12135290,yh*****,2023-08-30 18:44:22.582795,조용한 가운데 읽고 곱씹어볼수 있는 책!,최고예요,4
12079404,yo******,2023-08-20 00:01:24.470531,"한 편, 한 편 되새기며 읽기 좋았습니다.",고마워요,4
12073813,lo*****,2023-08-19 11:38:19.029253,유명한 시집이라 고민없이 샀습니다,최고예요,4
11963700,da***,2023-07-29 17:26:07.265819,소설로만 접했던 한강님의 시! 소설과 또다른 매력을 알게되었어요.,공감돼요,4
11934555,hj********,2023-07-24 11:20:23.425804,한강 작가님의 문체를 느낄 수 있는 시집. 다소 어렵게 느껴지지만 주옥같은 시들이 실려 있다.,최고예요,4
11772168,ss****,2023-06-28 22:17:01.863375,한강작가분 시집도 너무 좋아요,최고예요,4
11738122,ek****,2023-06-22 18:35:53.608748,한강 작가님 특유의 문체와 단어 그리고 느낄 수 있는 감정이 고스란히 전달됩니다,고마워요,4
11703256,em*****,2023-06-16 17:14:59.598781,잘 읽을 것 같아요!!ㅎㅎ,최고예요,4
11672344,ro*******,2023-06-11 17:02:33.73698,마음이 따뜻해지는 시들이 많네요,공감돼요,4
11660019,ss****,2023-06-08 20:52:34.052608,"한강작가분 소설책만 보다가 시집도 있길래 샀어요
역시 느낌이 좋아요",힐링돼요,4
11606126,ca******,2023-05-31 06:06:05.832921,아이가 좋아합니다.,공감돼요,4
11548223,tp****,2023-05-20 15:10:13.27387,찬찬히 다시 읽어보고싶어서 구매했어요 ,공감돼요,4
11525504,md*****,2023-05-17 08:35:40.641511,"겨울 밤에 읽을 좋은 책.
미리 구입해보았어요.
감사한 책.
",고마워요,4
11509240,gh*******,2023-05-14 01:22:19.477227,서랍에 저녁을 ..,고마워요,4
11380621,hw****,2023-04-20 21:35:50.672116,명불허전입니다~~~~,최고예요,4
11349899,ni*****,2023-04-15 11:53:10.818067,"시집이 읽어보고 싶긴 했는데 너무 함축적이어서 이해가 어렵거나, 간질거리는 건 피하고 싶었는데 그때 이 시집이 눈에 딱 들어왔어요. 출퇴근 길에 읽었는데 마음이 차분하게 정리되고 좋았습니다.",힐링돼요,4
10800215,sh******,2023-02-13 22:53:16.926375,시 하나 하나가 너무 좋고 공감이 가고 감동적입니다,공감돼요,4
10350570,bi******,2022-12-19 12:00:04.620786,힐링됩니다 최고입니다,최고예요,4
10273524,yt*****,2022-12-06 09:02:58.109332,너무 재미있게 읽었어요,재밌어요,4
10272778,af*******,2022-12-06 00:04:14.939893,시인한강이소설가한강을이기다,최고예요,4
10173661,ne******,2022-11-17 17:40:15.492012,빠른 배송 감사합니다 ,고마워요,4
10044487,ru*****,2022-10-20 20:19:49.363453,한강 작가님 특유의 감성에 푹 빠졌습니다. 어딘지 위안이 됩니다.,공감돼요,4
745826,dl********,2022-09-11 23:52:19.686,잘 받았고 잘 읽어보겠습니다,고마워요,4
745751,lu*******,2022-08-22 01:14:03.15,"제취향은
아니였네요",고마워요,2
745698,sk******,2022-08-20 21:57:20.35,좋아하는 한강 작가님 시는 또 어떤 색깔로 다가오실지 궁금하네요.,고마워요,4
745762,hu****,2022-08-15 23:06:32.553,추천받아 구매했어요~오랜만에 시집 읽으니까 좋아요ㅎ,고마워요,4
745709,yo*******,2022-06-05 23:04:42.386,전부터 너무 읽어보고 싶었던 시집이라 이번에 주문했어요! 기대가 됩니다:),고마워요,4
745779,eu*******,2022-06-02 16:23:06.856,무엇을 나는 건너온 것일까?,공감돼요,4
745813,ak******,2022-04-09 11:58:37.256,읽으면 마음이 차분해지고 좋아요&#10047;,고마워요,4
745680,wh******,2022-02-19 00:00:18.13,언어와 상상의 깊은 속을 해부해서 보여 준 극장 같은 시집이다. 서랍 속에 간직해 놓고 생각날 때마다 꺼내서 보고 싶은 표현들로 가득하다.,재밌어요,3
745725,ma***,2022-02-08 14:25:00.75,"좋아하는 작가님의 시집이라 구입했습니다.
카페에서 천천히 읽어보려고 합니다.",고마워요,4
745819,va********,2022-02-07 20:58:17.933,기억에 남는 시들이 많습니다.,고마워요,4
745724,ye*****,2022-01-01 09:24:20.523,삶을 이야기하기 위해 글을 쓰고 있다는 느낌을 주는 책,공감돼요,4
745783,11*******,2021-11-12 11:24:44.64,곱씹으며 읽게 되네요. 시간이 지난 뒤 한 번 더 읽고 싶은 책입니다.,고마워요,3
745829,y8*******,2021-10-13 16:02:58.23,마음에 와닿고 너무 좋습니다.,고마워요,4
745828,ha******,2021-10-04 18:39:38.446,읽어 볼만 합니다.,고마워요,3
745770,2s****,2021-09-04 01:45:06.73,어머니께서는 시가 조금 어려웠다고 하셨습니다.,,4
745764,yo****,2021-06-10 21:15:58.53,선물용으로 샀습니다. 예전부터 읽고 싶었습니다. : ),고마워요,4
745805,je****,2021-05-25 17:49:52.36,소설말고 시에서만 만날 수 있는 한강 작가님 특유의 감성이 너무 좋아요~,고마워요,4
745752,ps*****,2021-05-12 19:07:43.523,"아이가 읽고싶다고해서 구매했습니다-!!
아침에사서 오후에받았어요-!!
쿠팡 로켓인줄ㅎㅎ 
잘읽겠습니다~",고마워요,4
745721,to********,2021-05-03 10:01:44.913,"어슴푸레한 따뜻함
태초의 언어들",최고예요,4
745786,rl*******,2021-04-19 14:59:38.813,너무너무 좋았던 시집,고마워요,3
745745,dr******,2021-04-04 09:04:51.74,너무 좋아요 감사합니다,고마워요,4
745700,ys****,2021-01-22 09:15:37.416,오랫만에 독서 했어요,최고예요,4
745696,ji******,2021-01-18 22:41:53.93,좋아요 좋아요 좋ㄷ아요,고마워요,4
745827,oh********,2021-01-16 01:04:12.42,한강 작가의 시. 읽기 좋습니다,고마워요,4
745753,fu*******,2021-01-05 11:52:37.453,내면의 우울함 앞에서 당당하게 서 있는 것,고마워요,4
745761,ch******,2020-11-13 11:38:09.7,시 좋아요.,고마워요,4
745695,na*******,2020-11-12 16:20:35.45,한강은 시인이고 소설가,공감돼요,4
745815,pd******,2020-09-30 23:08:32.723,색이 있어요,공감돼요,4
745820,ne********,2020-09-23 08:02:00.46,이게 시지,재밌어요,4
745744,la********,2020-09-11 13:02:58.28,한강의 소설도 좋아하지만 시집은 더욱 쉽고 담백하다,최고예요,4
745780,td*****,2020-07-23 22:58:11.37,뒤에 해설 덕분에 좀 이해가 안 갔던 부분들이 이해가 됐어요. 시에 대해 잘 아는 게 없어서 그랬는지 작가님의 세계관이 제게 좀 어려웠는지 조금은 어려웠습니다. 하지만 해설을 보니 우울하지만 좋은 글이구나 생각했어요,고마워요,3
745768,ji******,2020-07-13 14:55:00.993,자신의 영혼이 구원되기를 바라고 있는...,최고예요,3
745710,rj******,2020-06-25 16:46:03.71,충격적인 문체이면서도 마음에 콕콕 박히는 이야기. 두고두고 읽기 너무 좋은 시집. 역시 한강 작가님.,고마워요,4
745769,ba******,2020-06-17 18:28:21.16,잘 읽혀지고 재미있습니다,고마워요,3
745726,dm*****,2020-06-17 11:01:32.3,선물하려 구매했습니다.,고마워요,4
745686,li*******,2020-06-12 17:25:45.236,친구에게 선물했습니다 좋다고 하네요,고마워요,3
745818,ah*****,2020-05-31 08:44:15.15,좋아요.,최고예요,4
745714,an******,2020-05-28 11:53:39.23,좋아요,고마워요,4
745731,hk*****,2020-04-30 10:01:54.13,한강작가를 좋아해서 샀어요,최고예요,4
745778,dd*******,2020-04-21 16:01:04.36,천천히 한글자 한글자 음미해보렵니다,고마워요,4
745766,ji*******,2020-04-19 18:18:31.586,좋은 책입니다!!,공감돼요,4
745790,dp*******,2020-04-08 00:55:00.89,믿고 읽는 한강! 선물했어요,최고예요,4
745694,he****,2020-03-25 12:42:58.866,생활의 감성이 배인 싯구들,최고예요,3
745816,00***,2020-03-15 19:13:31.996,"어려움을 느끼기도 했지만, 그만큼 작가님의 감성을 느낄 수 있어서 좋았습니다.",재밌어요,4
745687,sm******,2020-03-14 11:58:20.803,한줄등록보고 산건데... 생각보다 내용이 어둡네요. 너무 우울한 시가 많아요 ㅜㅜ,고마워요,3
745755,ke*****,2020-03-13 20:40:02.696,마음을 움직이는 시집입니다.,고마워요,4
745742,bi****,2020-01-17 09:03:14.996,읽기 좋앙ㅎ,고마워요,4
745705,ne******,2020-01-09 09:13:33.933,내가 사랑하는 시인,고마워요,4
745684,jp****,2020-01-02 00:23:27.883,소설도 좋았는데 시까지 좋으면 어쩌죠? ㅜㅜ,고마워요,4
745723,kr*****,2019-12-20 17:00:24.533,서랍에 넣어둔 '저녁'을 어느 소란한 오후에 꺼내 읽는다.,최고예요,4
745781,na******,2019-12-18 21:25:32.66,"채식주의자도 무척 인상깊었는데,잘 읽히네요.",고마워요,3
745821,hn*****,2019-12-07 21:50:48.763,좋아요ㅎㅎ,고마워요,4
745803,bf***,2019-11-21 07:13:07.743,너무 너무 ^^*,고마워요,4
745817,zk******,2019-09-04 22:22:46.73,"소설과는 다른, 작가의 시",고마워요,4
745784,oi******,2019-08-30 01:54:56.593,아름답다,고마워요,4
745746,su********,2019-08-24 18:52:58.6,다소 어렵게 느껴지는 부분도 있지만 편하게 읽을 수 있어요,고마워요,4
745708,ba*******,2019-07-11 04:02:51.503,한강 작가님의 시집이 있다는 걸 처음 알게 되어 구입하게 됐어요. 기대만큼이나 좋았습니다.,고마워요,4
745730,pu****,2019-07-10 05:23:09.163,한강 작가님이 시집도 내신 줄 몰랐다가 서점에서 보고 구매 안 할 수가 없었습니다. 시집은 정말 오랜만에 봤는데 그냥 자리잡고 앉아서 읽는 것 보다는 그냥 매일 들고 다니면서 보려고 가방에 넣어두고 틈틈히 읽어봤는데 좋네요. 자꾸 머릿속에서 작가님 목소리로 읽히는게 너무 좋아요.,고마워요,4
745727,dn****,2019-06-28 21:19:23.87,한강의 정서를 시로 읽기,고마워요,4
745749,wl********,2019-06-20 11:38:55.13,최고에요 ㅠㅠㅠ,고마워요,4
745809,gp******,2019-06-12 15:14:25.376,읽기 좋습니다,최고예요,4
745689,si******,2019-06-04 06:52:37.366,아이가 좋아해요 잘읽을께요,고마워요,4
745810,th*****,2019-05-22 15:20:57.213,좋아하는 작가의 시집이라 즐겁게 읽었어요,고마워요,4
745750,ji*******,2019-05-01 19:31:32.366,작가님만의 감성이 돋보여요,고마워요,4
745719,ha******,2019-04-15 22:52:57.37,아파하는 글자들.,고마워요,4
745682,so****,2019-03-16 21:12:06.206,좋아요,고마워요,4
745754,ka*****,2019-03-08 17:02:20.5,글을 읽으면서 많은 부분을 공감할 수 있는 시. 그래서 더욱 좋았던 시.,공감돼요,4
745814,ky******,2019-03-03 14:13:19.12,좋은 책이에요,최고예요,4
745735,el*****,2019-02-28 01:29:52.153,한강의 시를 읽을 수 있어서 좋았습니다.,공감돼요,4
745823,tn****,2019-02-22 09:08:43.733,길지 않아 잘 읽히지만 쉽게 이해되기든 어려운 감이 있다.,,3
745733,su******,2019-02-08 11:17:48.35,제목부터 멋있다,고마워요,4
745748,cu********,2019-02-05 17:40:49.166,1부 2부가 너무 좋은 거 같아요,최고예요,3
745737,t2***,2019-01-29 01:33:38.69,"몇 개의 이야기라는 시 정말 좋아요,",고마워요,4
745704,sh*****,2019-01-07 19:05:42.45,어렵지 않게 읽을 수 있어요,최고예요,4
745757,mo********,2019-01-05 11:19:27.266,조금 어려운거같아요ㅠ,,3
745759,gu********,2018-12-24 10:18:11.93,재밌게 읽을 수 있는 책,재밌어요,3
745822,m7******,2018-12-18 11:23:12.583,추천합니다,고마워요,4
745793,tn******,2018-12-07 22:59:25.5,좋아요,고마워요,4
745729,65****,2018-12-04 14:06:49.5,좋아요,고마워요,4
745785,hm*****,2018-11-11 21:21:47.843,좋아요,고마워요,4
745774,mi*******,2018-11-07 19:42:05.906,담담하게 말하듯이 그래서 좋은 한강 시,고마워요,3
745777,cs******,2018-10-19 08:56:56.436,좋아요~~~~~~~,고마워요,3
745787,sh******,2018-09-19 17:11:28.693,한강 시인님 정말 좋아요 ㅠㅠ,고마워요,4
745812,lo*******,2018-09-12 00:39:52.503,잘읽었슨니아,고마워요,4
745691,mr****,2018-09-11 19:32:07.61,좋아요,고마워요,4
745802,fk******,2018-09-05 22:53:28.816,내용이 너무 좋네요!,고마워요,4
745736,kh***,2018-09-02 20:34:45.756,좋습니다.,고마워요,4
745801,ch********,2018-08-26 23:31:35.85,정말 좋은 책인 것 같아요.,최고예요,4
745772,hi****,2018-08-16 19:23:20.846,한강 작가의 시집인데 추상적이라 들었습니다.추천을 받아서 사게 되었는데 추상성이 너무 강하지 않을까 염려됩니다.,고마워요,3
745692,lo******,2018-07-17 09:55:51.743,정말 좋은 시집이에요,고마워요,4
745767,qk********,2018-07-05 10:58:10.973,좋은글 잘 읽고 있습니다.,최고예요,4
745796,ji******,2018-07-02 22:39:51.633,하나하나 다 공감가요!,공감돼요,4
745740,jm*****,2018-06-18 11:44:50.98,역시 한강 입니다. 언어와 같이 동거하는 시인 겸 작가라고 칭송해도 과언이 아닙니다. 너무 좋습니다. 인간에 대한 번뇌와 고독감을 그대로 긁어주는 글쟁이가 바로 한강이 아닐까 싶어요.,최고예요,4
745795,sh********,2018-05-23 19:05:55.666,한강작가님의 정서,고마워요,4
745713,dm*******,2018-05-08 22:08:22.84,좋아용,고마워요,4
745711,da*****,2018-04-16 19:24:29.683,굿,고마워요,4
745811,zi***,2018-04-02 02:09:51.38,시마저.... 좋네요,고마워요,4
745706,oo*******,2018-03-14 18:02:09.626,사실 파우치 때문에 구매했는데...생각보다 좋네요! 시집이다보니 술술 잘 읽히고 가지고 다니기도 편합니다. 매번 소설만 읽었었는데 시만의 매력이 있네요!,최고예요,3
745701,si*******,2018-03-13 21:49:43.85,시도 좋네요~♡,고마워요,4
745808,ho******,2018-03-05 13:05:50.616,"엮시 한강,좋아하는 시인이 될듯합니다",고마워요,4
745717,da*******,2018-02-11 07:43:03.456,기대됩니다,고마워요,4
745788,kn******,2018-02-01 16:40:04.28,한강 작가님 특유의 분위기를 좋아해서 시집도 사 봤는데 정말 좋았어요,고마워요,4
745782,ko*****,2018-01-27 02:30:19.943,"처음 사 본 시집인데, 제목만큼이나 참 좋은 내용입니다.",공감돼요,4
745741,so******,2018-01-13 09:00:49.533,소설들 만큼 시도 좋네요.,고마워요,4
745681,ha*****,2017-12-12 16:30:22.123,영혼의 동지인 나의 육체...,고마워요,4
745732,sk********,2017-12-06 02:20:52.523,한강 작가 특유의 분위기를 사랑합니다.,고마워요,4
745797,wl*******,2017-12-02 12:49:45,정말 좋은책이에요 : ),고마워요,4
745765,wy******,2017-11-25 10:05:10.736,기대,고마워요,3
745728,mh****,2017-10-16 21:51:56.74,좋아요,고마워요,4
745722,wo*****,2017-10-15 02:56:00.26,"소설가 한강의 시집이라서 또다른 모습을 볼수 있다. 소설과는 다른 호흡, 감성을 읽어볼수 있는 좋은 기회다.",고마워요,3
745697,jh*****,2017-09-24 23:06:30.743,좋은 시가 많아요,고마워요,4
745804,rl********,2017-07-31 14:53:33.543,잘 받았습니다,고마워요,4
745702,nb****,2017-07-06 17:51:34.733,좋아요,고마워요,4
745718,ni***,2017-06-14 22:56:48.43,작가님 시는 어떨지 기대됩니다,고마워요,4
745693,le***,2017-05-19 22:13:17.286,시도 잘 쓰시네요. 정말 좋아요.,고마워요,4
745792,cj*******,2017-05-19 16:24:50.853,믿고보는 한강작가~!,고마워요,4
745739,b1*******,2017-03-16 09:23:34.756,"여자친구가 시를 좋아해서 선물해줬는데,마음에 들어하네요^^",고마워요,4
745747,ji*****,2017-03-04 13:26:34.143,잘 읽겠습니다!!,고마워요,4
745763,xk*******,2016-11-14 20:09:36.66,좋아요,고마워요,4
745800,bb*******,2016-11-04 18:57:43.13,한강 작가의 조용하고 잔잔하게 가슴속에 와닿는 시~~이가을 읽기에 정말 좋은 시집~~,고마워요,4
745734,ed*****,2016-11-02 22:20:33.116,좋은 시 많아요,고마워요,4
745799,ho*****,2016-10-25 16:57:09.653,좋아요,고마워요,4
745775,re*****,2016-09-10 17:31:55.736,한강 작가는 말할 필요도 없죠,고마워요,4
745794,mi*****,2016-09-02 10:35:37.32,한강작가의 느낌적인 느낌,고마워요,4
745688,ns***,2016-08-26 09:53:08.756,소설 처럼 독특합니다,고마워요,4
745685,mo*****,2016-08-21 22:29:12.936,"두어달 전에 서점에서 스치듯 봤을때주터 참 제목이 마음에 들었습니다. 여행지에서 읽으려고 샀습니다. 시집이지만 
연과 행이 있는 에세이집 같습니다.",고마워요,4
745690,ko****,2016-06-27 20:39:58.4,시중에 내가 가장 좋아하는 `제7의 봉인`에 바치는 시가 있어서 너무나 반가웠습니다^^,,4
745798,wa********,2016-06-02 20:10:15.136,한강 작가 책중에서 제목이 맘에 들어 구입했는데 기대됩니다.,,4
